,canon_smiles,good
930,CC(C)[C@H]1CC[C@H](C(=O)N[C@H](Cc2ccccc2)C(=O)O)CC1,0
493,COc1ccccc1OCC(O)CO,0
1269,CCNCC.O=C(O)Cc1ccccc1Nc1c(Cl)cccc1Cl,0
277,Cc1nccn1CC1CCc2c(c3ccccc3n2C)C1=O.Cl,0
1782,CNC(=O)c1cc(Oc2ccc(NC(=O)Nc3ccc(Cl)c(C(F)(F)F)c3)cc2)ccn1,0
358,CC(C)(C)c1cc(NC(=O)Nc2ccc(-c3cn4c(n3)sc3cc(OCCN5CCOCC5)ccc34)cc2)no1,0
1716,COc1cc2ncnc(Sc3nnc(C)s3)c2cc1OC,0
236,C[C@@H]1C[C@H]2[C@@H]3CCC4=CC(=O)C=C[C@]4(C)[C@]3(F)[C@H](O)C[C@]2(C)[C@]1(O)C(=O)CO,0
551,COc1ccc([C@@H]2Sc3ccccc3N(CCN(C)C)C(=O)[C@@H]2OC(C)=O)cc1.Cl,0
1802,Cc1ccc(Cl)cc1N(CC(=O)Nc1c(F)cccc1F)S(C)(=O)=O,0
1594,CC(C)(C)n1nc(-c2ccc(Cl)cc2)c2c(N)ncnc21,0
208,CCCS(=O)(=O)Nc1ccc(F)c(C(=O)c2c[nH]c3ncc(-c4ccc(Cl)cc4)cc23)c1F,0
1335,CCC1(c2cccc(O)c2)CCCCN(C)C1.Cl,0
1507,OC[C@@H]1O[C@H](O[C@]2(CCl)O[C@H](CCl)[C@@H](O)[C@H]2O)[C@H](O)[C@@H](O)[C@H]1Cl,0
58,CS(=O)c1ccc(-c2nc(-c3ccc(F)cc3)c(-c3ccncc3)[nH]2)cc1,0
1531,O=C1O[C@H]([C@@H](O)CO)C(O)C1O.[Na],0
1794,CCCCCCCCCCCCCCCCn1cc[n+](Cc2ccccc2)c1C.[I-],0
1524,Cl.Nc1ccc(/N=N/c2ccccc2)c(N)n1,0
363,NC(=O)Nc1cc(-c2cccc(F)c2)sc1C(=O)N[C@H]1CCCNC1,0
1018,Br.COC(=O)C1=CCCN(C)C1,0
1852,CC(C)N(CCC(=O)c1ccc2ccccc2c1)Cc1ccccc1.Cl,0
1080,C[C@H](NC(=O)[C@@H](O)c1cc(F)cc(F)c1)C(=O)N[C@@H]1C(=O)N(C)c2ccccc2-c2ccccc21,0
1549,CC(CNC(=O)c1cccnc1)NC(=O)c1cccnc1,0
1173,COc1ccc(NS(=O)(=O)c2sc3ccc(Cl)cc3c2C)cc1N1CCNCC1,0
780,COc1c(O)cc2c(c1O)[C@@H]1O[C@H](CO)[C@@H](O)[C@H](O)[C@H]1OC2=O,0
905,Cl.NC(CO)C(=O)NNCc1ccc(O)c(O)c1O,0
757,COc1ccc(COc2cc3oc(=O)c4cc(C(C)O)ccc4c3cc2OC)cc1,0
118,CS(=O)(=O)O.O=C(Nc1cccc(Cl)c1)Nc1ncc(CCNc2ncnc3ccsc23)s1,0
1204,CC(C)c1nc(CN(C)C(=O)N[C@@H](CCN2CCOCC2)C(=O)N[C@H](CC[C@H](Cc2ccccc2)NC(=O)OCc2cncs2)Cc2ccccc2)cs1,0
1114,CC(O)C(=O)O.CC(O)C(=O)O.CN1CCN(c2ccc3nc(-c4c(N)c5c(F)cccc5[nH]c4=O)[nH]c3c2)CC1,0
522,CN/C(=C\[N+](=O)[O-])NCCSCc1ccc(CN(C)C)o1.Cl,0
513,O=c1[nH]c(=O)n([C@H]2C[C@H](O)[C@@H](CO)O2)cc1C(F)(F)F,0
81,OCCn1cc(-c2ccc3c(c2)CC/C3=N/O)c(-c2ccncc2)n1,0
1376,Cc1cc(-n2c(=O)[nH]c(=O)n(C)c2=O)ccc1Oc1ccc(SC(F)(F)F)cc1,0
938,CC(C)(CO)[C@@H](O)C(=O)NCCC(=O)O,0
380,Clc1ccc(C2(c3ccc(-c4cn[nH]c4)cc3)CCNCC2)cc1,0
1692,CS(=O)(=O)O.Cn1cc(C2=C(c3cn(CCCSC(=N)N)c4ccccc34)C(=O)NC2=O)c2ccccc21,0
84,CO[C@@H](C(=O)N1Cc2[nH]nc(NC(=O)c3ccc(N4CCN(C)CC4)cc3)c2C1)c1ccccc1,0
1621,CN[C@H](CC(=O)O)C(=O)O,0
329,Cc1cccc(-c2nc(C(C)(C)C)[nH]c2-c2ccc3nccnc3c2)n1,0
6,Cc1nc(C(=O)NCC(=O)O)c(O)c2ccc(Oc3ccccc3)cc12,0
973,C[N+]1(C)[C@@H]2C[C@@H](OC(=O)C(O)(c3cccs3)c3cccs3)C[C@H]1[C@@H]1O[C@@H]12.O.[Br-],0
1407,CO[C@H]1[C@@H](O[C@H]2O[C@@H](C)[C@H](O[C@@H]3C[C@](C)(O)[C@H](O)[C@@H](C)O3)[C@@H](N(C)C)[C@@H]2O)[C@@H](CC=O)C[C@@H](C)[C@@H](O[C@H]2CC[C@H](N(C)C)[C@H](C)O2)/C=C/C=C/C[C@@H](C)OC(=O)C[C@H]1O,0
845,COc1ccc(-c2cc(=O)c3c(OC)c(OC)c(OC)c(OC)c3o2)cc1,0
808,O=c1c(O)c(-c2ccc(O)cc2)oc2cc(O)cc(O)c12,0
451,CCCCC(F)(F)C(=O)CC[C@H]1[C@H](O)CC(=O)[C@H]1CCCCCCC(=O)O,0
490,C[C@]12C=CC(=O)C=C1CC[C@@H]1[C@H]2[C@H](O)C[C@@]2(C)[C@H]1CC[C@@]2(O)C(=O)CO,0
1429,C[C@]12CC[C@H]3c4ccc(OC(=O)c5ccccc5)cc4CC[C@H]3[C@@H]1CC[C@H]2O,0
287,C[C@]12CC[C@@H]3[C@@H](CC[C@@]45O[C@@H]4C(O)=C(C#N)C[C@]35C)[C@@H]1CC[C@H]2O,0
1006,N[C@@H](Cc1cc(I)c(Oc2cc(I)c(O)c(I)c2)c(I)c1)C(=O)O,0
1914,CC(=O)OC1CC2C(C)(C)C(=O)C=CC2(C)C2CCC3(C)C(c4ccoc4)OC(=O)C4OC43C12C,1
1317,CNCCc1ccccn1.Cl.Cl,0
1193,Nc1ccc(C(=O)NCC(=O)O)cc1,0
1242,CO[C@H]1C(=O)[C@@]2(C)[C@H]([C@@H](OC(=O)c3ccccc3)[C@@]3(O)C[C@H](OC(=O)[C@H](O)[C@@H](NC(=O)OC(C)(C)C)c4ccccc4)C(C)=C1C3(C)C)[C@]1(OC(C)=O)CO[C@@H]1C[C@H]2OC,0
743,N#CCNC(=O)c1ccc(-c2ccnc(Nc3ccc(N4CCOCC4)cc3)n2)cc1,0
1644,OC(CC1c2ccccc2-c2cncn21)C1CCCCC1,0
741,CCc1c2c(nc3ccc(OC(=O)N4CCC(N5CCCCC5)CC4)cc13)-c1cc3c(c(=O)n1C2)COC(=O)[C@]3(O)CC.Cl.O.O.O,0
813,C=CCc1ccc(O)c(-c2cc(CC=C)ccc2O)c1,0
1359,Cc1ccc(C(=O)c2cc(O)c(O)c([N+](=O)[O-])c2)cc1,0
1049,CC(C)(Oc1ccc(C2CC2(Cl)Cl)cc1)C(=O)O,0
1613,C[C@@H]1COCCN1c1cc(C2(S(C)(=O)=O)CC2)nc(-c2cccc3[nH]ccc23)n1,0
327,CC1=C(C(=O)Nc2cc3cn[nH]c3cc2F)C(c2ccc(C(F)(F)F)cc2)CC(=O)N1,0
1338,O=C(NCCN1CCOCC1)c1ccc(Cl)cc1,0
1817,Cc1ccc(-c2csc(NC(=O)c3ccccc3)n2)c(C)c1,0
1303,CCCCC(=O)O[C@@H]1CC[C@H]2[C@@H]3CCc4cc(O)ccc4[C@@H]3CC[C@]12C,0
1670,C/C(=N\NC(=S)N1CCC1)c1ccccn1,0
812,O=c1cc(-c2ccc(O)c(O)c2)oc2cc(O)cc(O)c12,0
177,COc1cccc2c1C(=O)c1c(O)c3c(c(O)c1C2=O)C[C@@](O)(C(=O)CO)C[C@H]3O[C@H]1C[C@H](N)[C@@H](O)[C@H](C)O1.Cl,0
874,COc1cc(O)c2c(c1)C(=O)c1cc(C)cc(O)c1C2=O,0
654,COc1cc2nc(N3CCN(C(=O)C4CCCO4)CC3)nc(N)c2cc1OC.Cl.O.O,0
86,CCc1c(C(=O)C(N)=O)c2c(OCC(=O)O)cccc2n1Cc1ccccc1,0
1357,COc1ccc(CNc2nc(N3CCC[C@H]3CO)ncc2C(=O)NCc2ncccn2)cc1Cl,0
1831,CCN(CC)CCN(Cc1ccc(-c2ccc(C(F)(F)F)cc2)cc1)C(=O)Cn1c(SCc2ccc(F)cc2)nc(=O)c2c1CCC2,0
457,CC(C)[N+]1(C)C2CCC1CC(OC(=O)C(CO)c1ccccc1)C2.[Br-],0
1764,COc1cc(-c2cc(-c3cccc(O)c3)cnc2N)cc(OC)c1OC,1
54,Cc1[nH]c(/C=C2/C(=O)Nc3ccc(S(=O)(=O)Cc4c(Cl)cccc4Cl)cc32)c(C)c1C(=O)N1CCC[C@@H]1CN1CCCC1,0
1450,CC(C)N(CCC(C(N)=O)(c1ccccc1)c1ccccn1)C(C)C.O=P(O)(O)O,0
643,CC(=O)O[C@@]1(C(C)=O)CC[C@H]2[C@@H]3C=C(Cl)C4=CC(=O)[C@@H]5C[C@H]5[C@]4(C)[C@@H]3CC[C@@]21C,0
221,CCCCNc1cc(C(=O)O)cc(S(N)(=O)=O)c1Oc1ccccc1,0
113,CCN(CCO)CCCOc1ccc2c(Nc3cc(CC(=O)Nc4cccc(F)c4)n[nH]3)ncnc2c1,0
904,CC(NC(C)(C)C)C(=O)c1cccc(Cl)c1.Cl,0
1510,O=C(CCCN1CCN(c2ccccn2)CC1)c1ccc(F)cc1,0
921,CCC(C)n1ncn(-c2ccc(N3CCN(c4ccc(OC[C@H]5CO[C@](Cn6cncn6)(c6ccc(Cl)cc6Cl)O5)cc4)CC3)cc2)c1=O,0
174,O=C(Nc1ccc(OC(F)(F)F)cc1)c1sccc1NCc1ccnc2ccccc12,0
1343,COc1cc2nccc(Oc3ccc(NC(=O)C4(C(=O)Nc5ccc(F)cc5)CC4)cc3)c2cc1OC.O=C(O)C[C@H](O)C(=O)O,0
589,C[C@@H]1[C@H](O)[C@@H](C)/C=C/C=C/CC/C=C/C=C/C=C/C=C/[C@H](O[C@H]2O[C@@H](C)[C@H](O)[C@@H](N)[C@H]2O)C[C@@H]2O[C@@](O)(C[C@@H](O)[C@@H](O)CC[C@@H](O)C[C@@H](O)C[C@@H](O)CC(=O)O[C@H]1C)C[C@H](O)[C@H]2C(=O)O,0
1506,CC[C@@H]1OC(=O)[C@@H](C)[C@@H](O[C@H]2C[C@@](C)(OC)[C@@H](O)[C@H](C)O2)[C@@H](C)[C@@H](O[C@@H]2O[C@@H](C)C[C@H](N(C)C)[C@H]2O)[C@@](C)(O)C[C@@H](C)[C@@H]2N[C@@H](COCCOC)OC([C@@H]2C)[C@]1(C)O,0
18,C#Cc1cccc(Nc2ncnc3cc(OCCOC)c(OCCOC)cc23)c1.Cl,0
423,COc1cc(C(=O)NS(=O)(=O)c2ccccc2C)ccc1Cc1cn(C)c2ccc(NC(=O)OC3CCCC3)cc12,0
1292,COc1cc(Cc2cnc(N)nc2N)cc(OC)c1OC,0
285,CC(C)OC(=O)OCOP(=O)(CO[C@H](C)Cn1cnc2c(N)ncnc21)OCOC(=O)OC(C)C.O=C(O)/C=C\C(=O)O,0
1530,Cl.NCCc1c[nH]c2ccc(O)cc12,0
428,CCCSc1ccc2nc(NC(=O)OC)[nH]c2c1,0
1458,CC(C)(Oc1ccc(CCNC(=O)c2ccc(Cl)cc2)cc1)C(=O)O,0
1559,CN(C)[C@H]1C(O)=C(C(N)=O)C(=O)[C@@]2(O)C(O)=C3C(=O)c4c(O)ccc(Cl)c4[C@H](O)[C@H]3C[C@@H]12.Cl,0
669,CCN(CC)CCOC(=O)C(c1ccccc1)c1ccccc1.Cl,0
31,CNC(=O)c1cc(Oc2ccc(NC(=O)Nc3ccc(Cl)c(C(F)(F)F)c3)cc2)ccn1.Cc1ccc(S(=O)(=O)O)cc1,0
892,C1=C2CCCN[C@H]2[C@@H]2C[C@H]1[C@H]1CCCCN1C2,0
916,COC(=O)Nc1nc2ccc(Sc3ccccc3)cc2[nH]1,0
214,CCN1CCCC1CNC(=O)c1cc(S(=O)(=O)CC)c(N)cc1OC,0
755,COc1ccc2[n-]c(S(=O)Cc3ncc(C)c(OC)c3C)nc2c1.[Na+],0
326,CS(=O)(=O)O.C[C@H](NCc1ccc(OCc2cccc(F)c2)cc1)C(N)=O,0
560,CCOC(=O)C1=C(C)NC(C)=C(C(=O)OC)C1c1cccc(Cl)c1Cl,0
1778,Brc1ccc([C@H]2CN3CCSC3=N2)cc1.O=C(O)C(=O)O,0
1873,O=C(Nc1ccc(S(=O)(=O)Nc2ccccc2Cl)c(Cl)c1)c1ccccn1,0
1146,CC(C)n1nc(-c2ccc3oc(N)nc3c2)c2c(N)ncnc21,0
341,Cc1ccc(C(=O)Nc2ccc(CN3CCN(C)CC3)c(C(F)(F)F)c2)cc1C#Cc1cnc2cccnn12,0
629,CN1CCC(=C2c3ccccc3CC(=O)c3sccc32)CC1.O=C(O)/C=C/C(=O)O,0
147,C[C@H](O[C@H]1OCCN(Cc2n[nH]c(=O)[nH]2)[C@H]1c1ccc(F)cc1)c1cc(C(F)(F)F)cc(C(F)(F)F)c1,0
360,CCS(=O)(=O)Nc1ccc2c(c1)/C(=C(/Nc1ccc(CN3CCCCC3)cc1)c1ccccc1)C(=O)N2,0
83,NCC(=O)Nc1ccc(-n2nc(C(F)(F)F)cc2-c2ccc3c(ccc4ccccc43)c2)cc1,0
48,Cc1ccc(NC(=O)c2ccc(CN3CCN(C)CC3)cc2)cc1Nc1nc(-c2cccnc2)cs1,0
468,CC(=O)[C@@H]1CC[C@H]2[C@@H]3CCC4=CC(=O)CC[C@]4(C)[C@@H]3CC[C@]12C,0
155,CC(C)(C)NC(=O)[C@@H]1CC[C@H]2[C@@H]3CC[C@H]4NC(=O)C=C[C@]4(C)[C@@H]3CC[C@]12C,0
1691,C=CC(=O)Nc1cccc(Nc2nc(Nc3ccc(NC4CN(CCF)C4)cc3OC)ncc2C(F)(F)F)c1,0
1768,CNc1nc(Nc2cn(C(C)(C)C#N)nc2C)ncc1C(F)(F)F,0
1157,NC(=O)Nc1sc(-c2ccc(F)cc2)cc1C(N)=O,0
1351,CCOC(=O)OC(C)OC1=C(C(=O)Nc2ccccn2)N(C)S(=O)(=O)c2ccccc21,0
1159,O=C(Nc1ccccc1)N1CCN(c2nc(-c3ccccc3)ns2)CC1,0
1575,O=c1oc2ccccc2c(O)c1Cc1c(O)c2ccccc2oc1=O,0
500,O=C([O-])C[C@H](O)C[C@H](O)C=Cc1c(C2CC2)nc2ccccc2c1-c1ccc(F)cc1.O=C([O-])C[C@H](O)C[C@H](O)C=Cc1c(C2CC2)nc2ccccc2c1-c1ccc(F)cc1.[Ca+2],0
179,COc1cc([C@H]2c3cc4c(cc3[C@@H](O[C@@H]3O[C@@H]5CO[C@@H](C)O[C@H]5[C@H](O)[C@@H]3O)[C@H]3COC(=O)[C@H]23)OCO4)cc(OC)c1O,0
1829,CN(C)C(=O)c1ccc(S(=O)(=O)c2ccc(NC(=O)C(C)(O)C(F)(F)F)c(Cl)c2)cc1,0
1286,O=C1CC[C@@H](C(=O)N2CSC[C@H]2C(=O)O)N1,0
1717,CC1(C)CCC2=C(O1)c1ccccc1C(=O)C2=O,0
1000,COC(=O)/C=C/C(=O)OC,0
1565,CCCCCOc1ccc(-c2ccc(-c3ccc(C(=O)N[C@H]4C[C@@H](O)[C@@H](O)NC(=O)[C@@H]5[C@@H](O)[C@@H](C)CN5C(=O)[C@H]([C@@H](C)O)NC(=O)[C@H]([C@H](O)[C@@H](O)c5ccc(O)cc5)NC(=O)[C@@H]5C[C@@H](O)CN5C(=O)[C@H]([C@@H](C)O)NC4=O)cc3)cc2)cc1,0
528,Cl.N=C(N)NC(=O)c1nc(Cl)c(N)nc1N,0
346,CC1=C(C(=O)O)N2C(=O)[C@@H](NC(=O)[C@H](N)c3ccccc3)[C@@H]2SC1,0
1336,CC(C)(C(=O)O)c1ccc(C(O)CCCN2CCC(C(O)(c3ccccc3)c3ccccc3)CC2)cc1.Cl,0
1889,CN1CC[C@@H](c2c(O)cc(O)c3c(=O)cc(-c4ccccc4Cl)oc23)[C@@H]1CO.Cl,0
1234,CC(C(=O)O)c1ccc2c(c1)CC(=O)c1ccccc1S2,0
1901,CC1(C)CC(Oc2ccc(-c3ccc(-c4cn[nH]c4)cc3O)nn2)CC(C)(C)N1,1
931,CCOC(=O)C1=C(C)NC(C)=C(C(=O)OC)C1c1cccc([N+](=O)[O-])c1,0
601,CC(N)C12CC3CC(CC(C3)C1)C2,0
999,CN(C)CCC(c1ccc(Br)cc1)c1ccccn1.O=C(O)/C=C\C(=O)O,0
243,CCOC(=O)c1ncn2c1CN(C)C(=O)c1cc(F)ccc1-2,0
824,C=C1C(=O)[C@]23C(CC[C@@H]1[C@H]2O)[C@]12CO[C@]3(O)[C@H](O)[C@@H]1C(C)(C)CC[C@@H]2O,0
1030,COc1cc(OC)c(NC(=O)Nc2cc(C)on2)cc1Cl,0
1424,CC(=O)NCC(=O)O.CC(=O)NCC(=O)O.N=C(N)c1ccc(/N=N/Nc2ccc(C(=N)N)cc2)cc1,0
312,CCc1cccc(CC)c1NC(=O)N1Cc2[nH]nc(NC(=O)c3ccc(N4CCN(C)CC4)cc3)c2C1,0
435,CN(C)CCc1c[nH]c2ccc(C[C@H]3COC(=O)N3)cc12,0
1830,CN[C@H]1CN(c2ccc3c(=O)c(C(=O)O)cn(-c4nccs4)c3n2)C[C@@H]1OC,0
862,OC[C@@H](O)[C@@H](O)[C@H](O)[C@H](O)CO,0
308,CO[C@H]1CCC(O[C@H]2C[C@H]([C@]3(C)CC[C@]4(C[C@H](O)[C@H](C)[C@@H]([C@@H](C)/C=C(\C)C(=O)[C@H](C)C[C@H](C)C(=O)[O-])O4)O3)O[C@]3(O[C@@H]([C@H]4O[C@@](O)(CO)[C@H](C)C[C@H]4C)C[C@@H]3C)[C@@H]2C)O[C@@H]1C.[Na+],0
430,C[C@H](CCC(=O)O)[C@@H]1CC[C@H]2[C@H]3[C@@H](CC[C@@]21C)[C@@]1(C)CC[C@@H](O)C[C@H]1C[C@@H]3O,0
660,COc1nc(C)nc(Cl)c1NC1=NCCN1,0
370,NC(=O)C1CCCc2c1[nH]c1ccc(Cl)cc21,0
566,OCCN(CCO)c1nc(N2CCCCC2)c2nc(N(CCO)CCO)nc(N3CCCCC3)c2n1,0
901,C=C[C@@]1(C)CC(=O)[C@@]2(O)[C@@]3(C)[C@H](O)CCC(C)(C)[C@@H]3[C@H](O)[C@H](OC(C)=O)[C@@]2(C)O1,0
181,Cl.O=C(c1ccc(OCCN2CCCCC2)cc1)c1c(-c2ccc(O)cc2)sc2cc(O)ccc12,0
1375,Cl.c1ccc2c(c1)CCCC2C1=NCCN1,0
621,COc1ccc(Cn2ccc3ccc(C(=O)NO)cc32)cc1,0
1075,CS(=O)(=O)N1CCc2c(-c3cnc(N)nc3)nc(N3CCOCC3)nc21,0
1237,CC(=O)Oc1ccccc1C(=O)O,0
1580,Nc1ccc2ncnc(NCCc3ccc(Oc4ccccc4)cc3)c2c1,0
1776,CC(=O)N[C@@H](CC(C)C)C(=O)N[C@@H](CC(C)C)C(=O)N[C@H](C=O)CCCNC(=N)N.CC(=O)N[C@@H](CC(C)C)C(=O)N[C@@H](CC(C)C)C(=O)N[C@H](C=O)CCCNC(=N)N.O=S(=O)(O)O,0
1036,NC1(Cc2ccc(Cl)cc2)CCN(c2ncnc3[nH]ccc23)CC1,0
296,COc1ccc(C2CNC(=O)C2)cc1OC1CCCC1,0
1469,C[N+](C)(C)CCO.[Cl-],0
461,CS(=O)(=O)OCCCCOS(C)(=O)=O,0
1252,CC[C@H](C)C(=O)O[C@@H]1C[C@H](O)C=C2C=C[C@H](C)[C@@H](CC[C@@H](O)C[C@@H](O)CC(=O)[O-])[C@H]21.[Na+],0
1134,CCOC(=O)N1c2ccc(C(F)(F)F)cc2[C@H](N(Cc2cc(C(F)(F)F)cc(C(F)(F)F)c2)C(=O)OC)C[C@H]1CC,0
377,COc1ccc(-c2ccc3c(N4CCOC[C@@H]4C)nc(N4CCOC[C@@H]4C)nc3n2)cc1CO,0
1281,CC(=O)O[C@@]1(C(C)=O)CC[C@H]2[C@@H]3CCC4=CC(=O)CCC4=C3[C@@H](c3ccc(N(C)C)cc3)C[C@@]21C,0
105,Cc1cc2c(F)c(Oc3ncnn4cc(OC[C@@H](C)OC(=O)[C@H](C)N)c(C)c34)ccc2[nH]1,0
126,COc1cc2nccc(Oc3ccc(NC(=O)NC4CC4)c(Cl)c3)c2cc1C(N)=O,0
1089,COc1cc2ncnc(Nc3cccc(Cl)c3)c2cc1OC,0
777,O=[N+]([O-])c1ncc[nH]1,0
355,COc1cc(Nc2nc3ccccc3nc2NS(=O)(=O)c2ccc(NC(=O)c3ccc(C)c(OC)c3)cc2)cc(OC)c1,0
1562,CN(C)CCC=C1c2ccccc2C=Cc2ccccc21.Cl,0
682,Cl.O=C1CC[C@@]2(O)[C@H]3Cc4ccc(O)c5c4[C@@]2(CCN3CC2CC2)[C@H]1O5,0
771,C=C1CC[C@@H]2[C@](C)(CO)[C@H](O)CC[C@@]2(C)[C@H]1C/C=C1/C(=O)OCC1O,0
806,COc1ccc(-c2oc3c(CC=C(C)C)c(OC4O[C@H](CO)[C@@H](O)[C@H](O)[C@H]4O)cc(O)c3c(=O)c2OC2O[C@@H](C)[C@H](O)[C@@H](O)[C@@H]2O)cc1,0
209,C[C@@H]1O[C@H](O[C@H]2[C@H](O)[C@@H](O)[C@@H](O[C@H]3[C@H](O)[C@@H](O)[C@H](O)O[C@H]3CO)O[C@H]2CO)[C@H](O)[C@@H](O)[C@@H]1N[C@H]1C=C(CO)[C@@H](O)[C@H](O)[C@@H]1O,0
818,C[C@@H]1O[C@@H](Oc2c(-c3cc(O)c(O)c(O)c3)oc3cc(O)cc(O)c3c2=O)[C@@H](O)[C@H](O)[C@H]1O,0
140,C=CC(=O)Nc1cccc(Sc2nc(Nc3ccc(N4CCN(C)CC4)cc3)ncc2Cl)c1,0
1386,C=C[C@@]1(C)C[C@@H](OC(=O)CS[C@@H]2C[C@H]3CC[C@@H](C2)N3C)[C@@]2(C)[C@@H]3C(=O)CC[C@@]3(CC[C@@H]2C)[C@@H](C)[C@@H]1O,0
1288,O=C1O[C@H]([C@@H](O)CO)C(O)=C1O,0
1023,Cc1ncc(-c2ccnc(Nc3ccc(S(C)(=O)=O)cc3)n2)n1C(C)C,0
1521,CC[C@@H]1C(=O)OC[C@@H]1Cc1cncn1C.Cl,0
1055,CC(=O)Nc1cccc(-n2c(=O)n(C3CC3)c(=O)c3c(Nc4ccc(I)cc4F)n(C)c(=O)c(C)c32)c1,0
1907,CCN(CC)CCCC(C)Nc1c2ccc(Cl)cc2nc2ccc(OC)cc12.Cl.Cl.O.O,1
711,Cn1c(Nc2ccc(C(F)(F)F)cc2)nc2cc(Oc3ccnc(-c4ncc(C(F)(F)F)[nH]4)c3)ccc21,0
1567,CCN(CC)CCNC(=O)c1cc(Cl)c(N)cc1OC.Cl,0
950,Cc1cccc(C)c1NC1=NCCCS1.Cl,0
1822,CC1(C)C=C(CN2C/C(=C/c3ccc(F)cc3)C(=O)/C(=C/c3ccc(F)cc3)C2)C(C)(C)N1O,0
10,Cc1cc(N2CCOCC2)cc2[nH]c(-c3c(NC[C@@H](O)c4cccc(Cl)c4)cc[nH]c3=O)nc12,0
1637,Cc1cc(Cn2cnc3c2C[C@@H](C(=O)O)N(C(=O)C(c2ccccc2)c2ccccc2)C3)ccc1N(C)C,0
1888,C1=C/COCc2cc(ccc2OCCN2CCCC2)Nc2nccc(n2)-c2cccc(c2)COC/1,0
282,Oc1ccc(/C=C/c2cc(O)cc(O)c2)cc1,0
291,COc1cc2nc(N(C)CCCNC(=O)C3CCCO3)nc(N)c2cc1OC.Cl,0
754,O=C(c1ccc(F)cc1)C1CCN(CCn2c(=O)[nH]c3ccccc3c2=O)CC1,0
626,COC(=O)C1=C(C)NC(C)=C(C(=O)O[C@@H]2CCCN(Cc3ccccc3)C2)[C@@H]1c1cccc([N+](=O)[O-])c1.Cl,0
1758,NC(=O)CCCSc1nc(N)nc(-c2c(Cl)cc3c4c(cccc24)COC3)n1,0
1796,CC(NC(=O)CCc1nc(=O)c2ccccc2[nH]1)c1ccccc1,0
129,COCC(=O)NC/C=C/c1ccc2ncnc(Nc3ccc(Oc4ccc(C)nc4)c(C)c3)c2c1,0
1133,CN1CCN(c2nc(C3=C(c4c[nH]c5ccccc45)C(=O)NC3=O)c3ccccc3n2)CC1,0
323,C=C1/C(=C\C=C2\CCC[C@]3(C)[C@@H]([C@H](C)CCCC(C)C)CC[C@@H]23)C[C@@H](O)C[C@@H]1O,0
1732,N#Cc1c(Oc2ccc(F)c(NC(=O)Cc3cccc(C(F)(F)F)c3)c2)ccc2nc(NC(=O)C3CC3)sc12,0
782,CC(C)(C)[C@@]1(O)C[C@@H]2OC(=O)C[C@@]23C(=O)O[C@H]2OC(=O)[C@H](O)C213,0
886,C[C@]12C[C@@]3(O)O[C@@H](O1)[C@]1(COC(=O)c4ccccc4)[C@H]3C[C@@]12O[C@@H]1O[C@H](CO)[C@@H](O)[C@H](O)[C@H]1O,0
1799,Cl[Ru].[CH+]=O.[CH+]=O.[CH+]=O.[NH-]CC(=O)O,0
1574,C/C(=C\C(=O)OCCCCCCCCC(=O)O)C[C@@H]1OC[C@H](C[C@@H]2O[C@@H]2[C@@H](C)[C@H](C)O)[C@@H](O)[C@@H]1O,0
807,OCc1c[nH]c2ccccc12,0
695,C#C[C@@]1(O)CC[C@H]2[C@@H]3CCc4cc(OC)ccc4[C@@H]3CC[C@@]21C,0
215,COc1ccc(C(=O)N2CCCC2=O)cc1,0
987,CC1(C)S[C@@H]2[C@H](NC(=O)[C@H](N)c3ccc(O)cc3)C(=O)N2[C@@H]1C(=O)[O-].[Na+],0
158,Nc1ncn([C@H]2C[C@H](O)[C@@H](CO)O2)c(=O)n1,0
910,Cl.Clc1cccc(Cl)c1NC1=NCCN1,0
634,Cl.Cl.Fc1ccc(C(c2ccc(F)cc2)N2CCN(C/C=C/c3ccccc3)CC2)cc1,0
516,COc1cc([C@H]2c3cc4c(cc3[C@@H](O[C@@H]3O[C@@H]5CO[C@@H](c6cccs6)O[C@H]5[C@H](O)[C@H]3O)[C@H]3COC(=O)[C@H]23)OCO4)cc(OC)c1O,0
1470,CCCCCCCCCCCCCCCC[n+]1ccccc1.[Cl-],0
597,CC1(C)[C@@H](C(=O)O)N2C(=O)C[C@H]2S1(=O)=O,0
195,CNC(=O)c1ccc(N2C(=S)N(c3ccc(C#N)c(C(F)(F)F)c3)C(=O)C2(C)C)cc1F,0
1588,C=CC[C@@H]1/C=C(\C)C[C@H](C)C[C@H](OC)[C@@H]2O[C@@](O)(C(=O)C(=O)N3CCCC[C@H]3C(=O)O[C@H](/C(C)=C/[C@@H]3CC[C@H](O)[C@H](OC)C3)[C@H](C)[C@@H](O)CC1=O)[C@H](C)C[C@@H]2OC,0
1682,Cc1cc(CS(=O)(=O)c2ccccc2)cc(OCc2ccc(CN3CCC[C@@H]3CO)cc2)c1,0
410,Cc1nc2n(c(=O)c1CCN1CCC(c3noc4cc(F)ccc34)CC1)CCCC2,0
96,CO[C@H]1C[C@@H]2CC[C@@H](C)[C@@](O)(O2)C(=O)C(=O)N2CCCC[C@H]2C(=O)O[C@H]([C@@H](C)C[C@@H]2CC[C@@H](OCCO)[C@H](OC)C2)CC(=O)[C@H](C)/C=C(\C)[C@H](O)[C@@H](OC)C(=O)[C@H](C)C[C@H](C)/C=C/C=C/C=C/1C,0
922,CCC[C@@H]1C[C@@H](C(=O)N[C@@H]([C@@H]2O[C@H](SC)[C@H](O)[C@@H](O)[C@@H]2O)[C@@H](C)O)N(C)C1.Cl,0
873,O=C1C[C@@H](c2ccc(O)cc2)Oc2cc(O)cc(O)c21,0
156,CCc1c2c(nc3ccc(OC(=O)N4CCC(N5CCCCC5)CC4)cc13)-c1cc3c(c(=O)n1C2)COC(=O)[C@@]3(O)CC,0
419,CC1(C)O[C@@H]2C[C@H]3[C@@H]4CCC5=CC(=O)C=C[C@]5(C)[C@]4(F)[C@H](O)C[C@]3(C)[C@@]2(C(=O)CO)O1,0
1609,CN1CCCN(C(=O)c2cccc(-c3ccc(/C=C4/C(=O)Nc5ccc(Cl)cc54)o3)c2)CC1.Cl,0
477,CC(C)(C)C(=O)OCOP(=O)(COCCn1cnc2c(N)ncnc21)OCOC(=O)C(C)(C)C,0
962,CCCCCCCCCCCCCCCC(=O)OC[C@H](O)[C@H]1OC(=O)C(O)=C1O,0
668,CCOC(=O)[C@H](CCc1ccccc1)N[C@H]1CCCN2CCC[C@H](C(=O)O)N2C1=O.O,0
1083,Cc1csc(-c2nnc(Nc3ccc(Oc4ncccc4-c4ccnc(N)n4)cc3)c3ccccc23)c1,0
1604,Cc1cccc(CC(=O)N2CCc3c2ccc(-c2cn(C)c4ncnc(N)c24)c3F)n1,0
1249,N#C[C@@H]1CCCN1C(=O)CNC12CC3CC(CC(O)(C3)C1)C2,0
447,CCOC(=O)O[C@@]1(C(=O)OCCl)CC[C@H]2[C@@H]3CCC4=CC(=O)C=C[C@]4(C)[C@@H]3[C@H](O)C[C@@]21C,0
1319,CC1(C)S[C@@H]2[C@H](NC(=O)C(C(=O)[O-])c3ccccc3)C(=O)N2[C@H]1C(=O)[O-].[Na+].[Na+],0
178,N[C@@H]1CCCC[C@H]1N.O=C([O-])C(=O)[O-].[Pt+2],0
390,CC(C)(C(=O)NCC(F)(F)C(F)(F)F)C(=O)N[C@H]1C(=O)Nc2ccccc2-c2ccccc21,0
578,Clc1ccc(C(Cn2ccnc2)OCc2ccsc2Cl)c(Cl)c1,0
1181,O=C(Nc1cc(C(F)(F)F)cc(C(F)(F)F)c1)c1cc(Cl)ccc1O,0
1649,CC[C@@H](C)Nc1cc(C(=O)NC2CC3CCC(C2)N3c2ccc(C(=O)C3CC3)cn2)c(C)cc1C(N)=O,0
1007,Cc1ccc(S(=O)(=O)NC(=O)NN2CC3CCCC3C2)cc1,0
1671,CC1=NN(c2ccc(C(=O)O)cc2)C(=O)C1=Cc1ccc(-c2cc(C)c(C)cc2[N+](=O)[O-])o1,0
855,NC(Cc1c[nH]c2ccc(O)cc12)C(=O)O,0
1356,C=CCNC(N)=S,0
906,CCCCN1CCCCC1C(=O)Nc1c(C)cccc1C.Cl,0
998,CCC(=O)O[C@@]1(C(=O)CCl)[C@@H](C)C[C@H]2[C@@H]3CCC4=CC(=O)C=C[C@]4(C)[C@]3(F)[C@H](O)C[C@@]21C,0
664,CC(C)c1c(C(=O)Nc2ccccc2)c(-c2ccccc2)c(-c2ccc(F)cc2)n1CC[C@@H](O)C[C@@H](O)CC(=O)[O-].CC(C)c1c(C(=O)Nc2ccccc2)c(-c2ccccc2)c(-c2ccc(F)cc2)n1CC[C@@H](O)C[C@@H](O)CC(=O)[O-].[Ca+2],0
142,Cc1cc(Nc2cc(N3CCN(C)CC3)nc(/C=C/c3ccccc3)n2)n[nH]1,0
1465,CCCNC(=O)NS(=O)(=O)c1ccc(Cl)cc1,0
1378,C[C@]12CC[C@H]3c4ccc(O)cc4CC[C@H]3[C@@H]1CC[C@H]2OC(=O)CCC1CCCC1,0
421,O=c1ncnc2[nH][nH]cc1-2,0
636,O=C(NC(Cc1cc(=O)[nH]c2ccccc12)C(=O)O)c1ccc(Cl)cc1,0
1355,C[C@H]1O[C@@H](O[C@@H]2C[C@H](O)[C@]3(CO)[C@H]4[C@H](O)C[C@]5(C)[C@H](C6=CC(=O)OC6)CC[C@]5(O)[C@@H]4CC[C@]3(O)C2)[C@@H](O)[C@H](O)[C@H]1O.O.O.O.O.O.O.O.O,0
799,Cc1cc2c(C(C)C)c(O)c(O)c(C=O)c2c(O)c1-c1c(C)cc2c(C(C)C)c(O)c(O)c(C=O)c2c1O,0
1029,CN1CCc2c(c3ccccc3n2Cc2ccc(C(=O)NO)cc2)C1.Cl,0
615,CCOC(=O)C1=C(C)NC(C)=C(C(=O)OCC)C1c1ccccc1/C=C/C(=O)OC(C)(C)C,0
294,COc1ccccc1OCC(O)CN1CCN(CC(=O)Nc2c(C)cccc2C)CC1.Cl.Cl,0
1402,COc1ccc(O)cc1,0
1834,O=C(NCCO)c1cccc(-c2cc(Nc3ccc(OC(F)(F)F)cc3)ncn2)c1,0
88,Cn1cc(-c2ccc3nnc(Sc4ccc5ncccc5c4)n3n2)cn1,0
41,CN(NC(=O)CC(=O)NN(C)C(=S)c1ccccc1)C(=S)c1ccccc1,0
1739,Cc1cc(/C=C/C#N)cc(C)c1Nc1ccnc(Nc2ccc(C#N)cc2)n1,0
1863,Br.Cc1ccc(Sc2ccccc2N2CCNCC2)c(C)c1,0
131,Cc1cc(C(C)Nc2ccccc2)c2nc(N3CCOCC3)cc(=O)n2c1,0
923,CN(C)C(=O)C(CCN1CCC(O)(c2ccc(Cl)cc2)CC1)(c1ccccc1)c1ccccc1.Cl,0
1387,CN1C(CCl)Nc2cc(Cl)c(S(N)(=O)=O)cc2S1(=O)=O,0
1265,CCOc1nc2cccc(C(=O)OCc3oc(=O)oc3C)c2n1Cc1ccc(-c2ccccc2-c2nc(=O)o[nH]2)cc1,0
1789,O=C(O)/C(S)=C/c1c[nH]c2ccc(F)cc12,0
1447,OCC(O)CN1CCN(c2ccccc2)CC1,0
164,COc1cc2nccc(Oc3ccc(NC(=O)Nc4cc(C)on4)c(Cl)c3)c2cc1OC,0
724,C=CC(=O)Nc1ccc2ncnc(Nc3ccc(OCc4cccc(F)c4)c(Cl)c3)c2c1.Cc1ccc(S(=O)(=O)O)cc1,0
290,CC(=O)NC[C@H]1CN(c2ccc(N3CCOCC3)c(F)c2)C(=O)O1,0
1100,COc1ccc2c(Oc3ccc(NC(=O)c4c(C)n(CC(C)(C)O)n(-c5ccccc5)c4=O)nc3)ccnc2c1,0
1483,O=C(Oc1ccccc1C(=O)O)c1ccccc1O,0
1828,Cc1c(C(=O)Nc2ccc(N3CCC(N4CCOCC4)CC3)c(C#N)c2)cnn1-c1ccc(Cl)cc1,0
939,CC(COc1ccccc1)N(CCCl)Cc1ccccc1.Cl,0
778,O=c1cc(-c2ccccc2)oc2cc(O)c(O)c(O)c12,0
839,CC1(C)CCC[C@@]2(C)[C@H]3CC(=O)O[C@]3(C)CC[C@@H]12,0
348,C[C@@H]1[C@H](NC(=O)/C(=N\OC(C)(C)C(=O)O)c2csc(N)n2)C(=O)N1S(=O)(=O)O,0
1874,O=C(/C=C/c1ccc(O)c(O)c1)c1ccc(O)cc1O,0
571,C/C1=C2/N=C(/C=C3\N=C(/C(C)=C4\[N-][C@@](C)([C@H]5N=C1[C@](C)(CCC(=O)NC[C@@H](C)OP(=O)([O-])O[C@H]1[C@@H](O)[C@@H](n6cnc7cc(C)c(C)cc76)O[C@H]1CO)[C@H]5CC(N)=O)[C@@](C)(CC(N)=O)[C@@H]4CCC(N)=O)[C@@](C)(CC(N)=O)[C@@H]3CCC(N)=O)C(C)(C)[C@@H]2CCC(N)=O.N#C[Co+2],0
943,NC(=O)c1ncn([C@H]2O[C@H](CO)[C@@H](O)[C@H]2O)n1,0
1819,Cc1[nH]c2ccccc2c1CCNC(=O)c1cccs1,0
1417,O=C(CCCN1CC=C(n2c(=O)[nH]c3ccccc32)CC1)c1ccc(F)cc1,0
1538,CN(CCCl)CCCl.Cl,0
1731,O=C(/C=C/c1ccc2ccccc2n1)c1ccncc1,0
1299,CCN(CC)C(=O)[C@]1(c2ccccc2)C[C@@H]1CN.Cl,0
458,Nc1ccc(S(N)(=O)=O)cc1,0
375,Cl.O[C@H](CNC[C@@H](O)[C@H]1CCc2cc(F)ccc2O1)[C@@H]1CCc2cc(F)ccc2O1,0
333,COC(=O)N[C@H](C(=O)N1CCC[C@H]1c1ncc(-c2ccc(-c3ccc(-c4cnc([C@@H]5CCCN5C(=O)[C@@H](NC(=O)OC)C(C)C)[nH]4)cc3)cc2)[nH]1)C(C)C,0
1117,O=C(Nc1ccccc1Br)N[C@@H]1CCN(c2ccc(C(F)(F)F)cn2)C1,0
1792,CC(C)CC(CC(=O)NO)C(=O)N[C@@H](Cc1ccc2ccccc2c1)C(=O)N[C@@H](C)C(=O)NCCN,0
1406,CC(=O)[N-]S(=O)(=O)c1ccc(N)cc1.[Na+],0
816,O.O=c1c(O)c(-c2ccc(O)cc2O)oc2cc(O)cc(O)c12,0
1073,N#Cc1c(O)c2c(-c3ccc(-c4ccccc4O)cc3)csc2[nH]c1=O,0
925,COC(=O)C1=C(C)NC(C)=C(C(=O)OCCN2CCN(C(c3ccccc3)c3ccccc3)CC2)C1c1cccc([N+](=O)[O-])c1.Cl.Cl,0
1791,O=S(=O)(CC1CS1)c1ccc(Oc2ccccc2)cc1,0
1856,N#CC(C#N)=Cc1ccc(O)c(O)c1,0
1859,COc1cc2ncnc(Oc3cccc(NC(=O)Nc4cc(C(C)(C)C(F)(F)F)on4)c3)c2cc1OC,0
1084,Cc1ccc(NC(=O)c2cccc(N(C)C)c2)cc1NC(=O)c1ccc(O)cc1,0
328,O=C(NC[C@H](O)CO)c1ccncc1Nc1ccc(I)cc1F,0
1883,CC1(C)CCC(CN2CCN(c3ccc(C(=O)NS(=O)(=O)c4ccc(NCC5CCOCC5)c([N+](=O)[O-])c4)c(Oc4cnc5[nH]ccc5c4)c3)CC2)=C(c2ccc(Cl)cc2)C1,0
318,O=C1c2ccccc2-c2n[nH]c3cccc1c23,0
1851,COc1ccc(Cl)cc1NC(=O)Nc1cc(C)nc2ccccc12,0
1307,Cc1cccc(C)c1NC(=O)C1CCCCN1C.Cl,0
1673,CNC(=O)[C@@H](Cc1ccccc1)NC(=O)[C@@H](CC(C)C)[C@H](CSc1cccs1)C(=O)NO,0
167,CN(Cc1cnc2nc(N)nc(N)c2n1)c1ccc(C(=O)N[C@@H](CCC(=O)O)C(=O)O)cc1,0
12,COc1cc(Nc2c(C#N)cnc3cc(OCCCN4CCN(C)CC4)c(OC)cc23)c(Cl)cc1Cl,0
171,COc1ccccc1S(=O)(=O)Nc1ccc2c(c1)CN(C)C(=O)N2,0
649,C[C@H](CS)C(=O)N1CCC[C@@H]1C(=O)O,0
260,COc1cc(OC)c(/C=C/S(=O)(=O)Cc2ccc(OC)c(NCC(=O)[O-])c2)c(OC)c1.[Na+],0
1170,CC(C)C[C@H](NC(=O)[C@H](CCc1ccccc1)NC(=O)CN1CCOCC1)C(=O)N[C@@H](Cc1ccccc1)C(=O)N[C@@H](CC(C)C)C(=O)[C@@]1(C)CO1,0
1358,O=S(=O)([O-])Oc1ccc(C(c2ccc(OS(=O)(=O)[O-])cc2)c2ccccn2)cc1.[Na+].[Na+],0
672,COc1cc2c(cc1OC)CC(=O)N(CCCN(C)C[C@@H]1Cc3cc(OC)c(OC)cc31)CC2.Cl,0
258,O=C1NC(=O)/C(=C/c2ccc3nccc(-c4ccncc4)c3c2)S1,0
844,CNCC(O)c1ccc(O)cc1,0
867,Br.CCN1C[C@]2(OC(=O)c3ccccc3NC(C)=O)CC[C@@H](OC)[C@]34C1[C@@H](C[C@H]23)[C@@]1(O)C[C@H](OC)[C@H]2C[C@H]4[C@]1(O)[C@H]2OC,0
1151,Nc1ccc(-c2ccc3ncc4ccc(=O)n(-c5cccc(C(F)(F)F)c5)c4c3c2)cn1,0
138,COc1cccc(-c2cc(=O)c3ccccc3o2)c1N,0
893,CC(C)Oc1ccc2c(=O)c(-c3ccccc3)coc2c1,0
1773,O=C(c1cncc(Br)c1)N1CCC(N2CCCC2)CC1,0
549,COCCc1ccc(OCC(O)CNC(C)C)cc1.COCCc1ccc(OCC(O)CNC(C)C)cc1.O=C(O)[C@H](O)[C@@H](O)C(=O)O,0
1259,CCCCCCCCOc1ccccc1C(=O)Nc1ccc(C(=O)OCC[N+](C)(CC)CC)cc1.[Br-],0
1475,CC(C)(C)C(=O)C(Oc1ccc(Cl)cc1)n1ccnc1,0
1258,CCOc1nc2cccc(C(=O)O)c2n1Cc1ccc(-c2ccccc2-c2nc(=O)o[nH]2)cc1,0
1586,C[C@H]1CCN(C(=O)CC#N)C[C@@H]1N(C)c1ncnc2[nH]ccc12.O=C(O)CC(O)(CC(=O)O)C(=O)O,0
558,O=c1[nH]c(=O)n([C@H]2C[C@H](O)[C@@H](CO)O2)cc1I,0
139,CNC(=O)c1cc(Oc2ccc(NC(=O)Nc3ccc(Cl)c(C(F)(F)F)c3)c(F)c2)ccn1,0
1675,CCN1CCN(Cc2ccc(Nc3ncc(F)c(-c4cc(F)c5nc(C)n(C(C)C)c5c4)n3)nc2)CC1.CS(=O)(=O)O,0
531,O=C(O)CSCC(=O)NC1CCSC1=O,0
224,Cl.Cl.O=C(O)COCCN1CCN(C(c2ccccc2)c2ccc(Cl)cc2)CC1,0
723,Cc1ccc(C(=O)N(CCCN)[C@@H](c2oc3cc(Cl)ccc3c(=O)c2Cc2ccccc2)C(C)C)cc1.Cl,0
786,C=C[C@H]1CN2CCC1C[C@H]2[C@H](O)c1ccnc2ccccc12,0
1660,O=C(NC(NC(=S)Nc1ccc(F)c([N+](=O)[O-])c1)C(Cl)(Cl)Cl)C(c1ccccc1)c1ccccc1,0
1511,COc1ccccc1Oc1c(NS(=O)(=O)c2ccc(C(C)(C)C)cc2)nc(-c2ncccn2)nc1OCCO,0
409,Nc1nc2ccc(OC(F)(F)F)cc2s1,0
325,Cc1[nH]c(/C=C2\C(=O)Nc3ccccc32)c(C)c1CCC(=O)O,0
1058,CN1CC[C@H](c2c(O)cc(O)c3c(=O)cc(-c4ccccc4Cl)oc23)[C@H](O)C1.Cl,0
299,CN1c2ccccc2C(NCCCCCCC(=O)[O-])c2ccc(Cl)cc2S1(=O)=O.[Na+],0
1223,Cc1c[nH]c(-c2cnc(NCCNc3ccc(C#N)cn3)nc2-c2ccc(Cl)cc2Cl)n1.Cl,1
1331,CCOc1ccccc1O[C@H](c1ccccc1)[C@H]1CNCCO1.CS(=O)(=O)O,0
25,Cc1cn(-c2cc(NC(=O)c3ccc(C)c(Nc4nccc(-c5cccnc5)n4)c3)cc(C(F)(F)F)c2)cn1,0
1793,COc1ccc(CNC(=O)Nc2ncc([N+](=O)[O-])s2)cc1,0
714,CCCN1CCO[C@@H]2c3cc(O)ccc3OC[C@@H]21,0
1780,CC(C)CCNC(=O)C(CC(C)C)NC(=O)C1OC1C(=O)O,0
193,CC[C@]1(O)C[C@@H]2C[N@](CCc3c([nH]c4ccccc34)[C@@](C(=O)OC)(c3cc4c(cc3OC)N(C)[C@@H]3C45CCN4CC=C[C@](CC)([C@H]45)[C@H](OC(C)=O)[C@]3(O)C(=O)OC)C2)C1,0
440,O=C1[C@H](CC[C@H](O)c2ccc(F)cc2)[C@H](c2ccc(O)cc2)N1c1ccc(F)cc1,0
573,COc1ccc(C(=O)CC(=O)c2ccc(C(C)(C)C)cc2)cc1,0
503,NC(=O)c1cnccn1,0
605,CC/C(=C(\c1ccccc1)c1ccc(OCCN(C)C)cc1)c1ccccc1.O=C(O)CC(O)(CC(=O)O)C(=O)O,0
1924,C#CC1(O)CCC2C3CCC4=CCCCC4C3CCC21C,1
1121,Cc1cnc(-c2cc(N3CCN(C(=O)CCS(C)(=O)=O)CC3)ncc2Cl)c(C)c1,0
1922,CNC1CC(N)C(O)C(OC2OC(CO)C(O)C3OC4(OC(C(N)CO)C(O)C(O)C4O)OC23)C1O,1
846,Cc1coc2c1C(=O)C(=O)c1c-2ccc2c(C)cccc12,0
3,C[C@@]1(c2nc3c(C(N)=O)cccc3[nH]2)CCCN1,0
1107,COC[C@H]1OC(=O)c2coc3c2[C@@]1(C)C1=C(C3=O)[C@@H]2CCC(=O)[C@@]2(C)C[C@@H]1OC(C)=O,0
1179,O=C(Nc1cccc(Cl)c1)c1ccccn1,0
467,Nc1nc(=O)n([C@@H]2CS[C@H](CO)O2)cc1F,0
321,C=C1/C(=C\C=C2/CCC[C@@]3(C)[C@H]2CC[C@H]3[C@H](C)CCCC(C)(C)O)C[C@@H](O)C[C@@H]1O,0
5,CN1CCN(CCOc2cc(OC3CCOCC3)c3c(Nc4c(Cl)ccc5c4OCO5)ncnc3c2)CC1,0
222,CC[C@@]1(O)C(=O)OCc2c1cc1n(c2=O)Cc2cc3ccccc3nc2-1,0
1323,CNCC(=O)c1ccc(O)c(O)c1.Cl,0
547,c1ccc(-c2ccc(C(c3ccccc3)n3ccnc3)cc2)cc1,0
228,O=c1[nH]c(=O)n([C@@H]2C[C@H](O)[C@@H](CO)O2)cc1F,0
39,Cc1cc(Nc2cc(N3CCN(C)CC3)nc(Sc3ccc(NC(=O)C4CC4)cc3)n2)n[nH]1,0
542,C[C@H](CCC(=O)O)[C@@H]1CC[C@H]2[C@@H]3[C@H](O)C[C@@H]4C[C@H](O)CC[C@]4(C)[C@@H]3CC[C@@]21C,0
242,OC(Cn1cncn1)(Cn1cncn1)c1ccc(F)cc1F,0
898,O=c1[nH]cnc2c1ncn2[C@H]1O[C@H](CO)[C@@H](O)[C@H]1O,0
1091,CC1(COc2ccc3c(c2)ncn3-c2ccc3cccc(N4CCC(N)CC4)c3n2)COC1,0
136,C[C@](O)(COc1ccc(C#N)cc1)C(=O)Nc1ccc(C#N)c(C(F)(F)F)c1,0
1463,Cn1c(=O)c2c(ncn2CC2OCCO2)n(C)c1=O,0
1694,O=C(O)c1ccc(-c2c[nH]c3ncc(-c4ccccc4)cc23)cc1C1CCCC1,0
1519,CCCCOc1cc(C(=O)OCCN(CC)CC)ccc1N.Cl,0
1263,CC1=C(C(=O)OC(C)C)C(c2cccc([N+](=O)[O-])c2)C(C(=O)OC2CN(C(c3ccccc3)c3ccccc3)C2)=C(N)N1,0
829,C=C1C(=O)O[C@H]2[C@H]1CC/C(C)=C\CC[C@@]1(C)O[C@@H]21,0
445,Nc1nc(=O)[nH]cc1F,0
842,COc1cc(C2Oc3ccc(C4Oc5cc(O)cc(O)c5C(=O)C4O)cc3OC2CO)ccc1O,0
1287,Cc1ncc(CO)c(CO)c1O.Cl,0
1801,CC(=O)Nc1ccc(Cc2ccc(NC(C)=O)cc2)cc1,0
1112,Cn1cnc(N)c2ncnc1-2,0
1761,C#CC[C@H](c1nc2cc(Cl)ccc2c(=O)n1Nc1ccccc1)N(CCCN)C(=O)c1cccc(Cl)c1F,0
581,Cc1cc(NS(=O)(=O)c2ccc(N)cc2)no1,0
1702,Nc1cc(F)ccc1NC(=O)/C=C/c1cnn(C/C=C/c2ccccc2)c1,0
1898,O=C1Cc2c([nH]c3ccc(Br)cc23)-c2ccccc2N1,1
661,Cl.O=C(O)/C=C/c1ccc(Cn2ccnc2)cc1,0
436,Cc1cn([C@@H]2C[C@@H](O)[C@H](CO)O2)c(=O)[nH]c1=O,0
1790,COCCOc1nc(-c2ccc(Cl)c(Cl)c2)n(-c2ccc(NC(=O)CCl)cc2)n1,0
376,COc1ccc(-c2nc3cc(C4=NNC(=O)CC4C)ccc3[nH]2)cc1,0
1425,Cc1cc(C(C#N)c2ccc(Cl)cc2)c(Cl)cc1NC(=O)c1cc(I)cc(I)c1[O-].[Na+],0
965,Clc1ccc(COC(Cn2ccnc2)c2ccc(Cl)cc2Cl)cc1.O=[N+]([O-])O,0
1283,O=c1cc[nH]c(=S)[nH]1,0
314,COc1nc(C)cnc1NS(=O)(=O)c1cccnc1-c1ccc(-c2nnco2)cc1,0
1738,O=C(CSc1nc2c(c(=O)n1-c1ccccc1)SCC2)Nc1ccc(-c2ccccc2)cn1,0
442,CN(CCOc1ccc(NS(C)(=O)=O)cc1)CCc1ccc(NS(C)(=O)=O)cc1,0
1103,O=C(NC1CCOCC1)c1ccc(-c2cc(-c3c[nH]nc3-c3ccccn3)ccn2)cc1,0
319,Cc1cc([C@@H](C)Nc2ccccc2C(=O)O)c2nc(N3CCOCC3)cc(=O)n2c1,0
281,CN1CCC(=C2c3ccccc3CCc3sccc32)CC1.O=C(O)CC(O)C(=O)O,0
691,CCOC(=O)c1c(CSc2ccccc2)n(C)c2cc(Br)c(O)c(CN(C)C)c12.Cl,0
1642,COC(=O)NC(C)CNc1nccc(-c2cn(C(C)C)nc2-c2cc(Cl)cc(NS(C)(=O)=O)c2F)n1,0
1452,CC[C@@H](C)[C@H](NC(=O)[C@H](CCC(=O)O)NC(=O)[C@H](CC(C)C)NC(=O)C1CN=C([C@H](N)C(C)C)S1)C(=O)N[C@@H]1CCCCNC(=O)[C@H](CC(N)=O)NC(=O)[C@H](CC(=O)O)NC(=O)[C@H](Cc2c[nH]cn2)NC(=O)[C@H](Cc2ccccc2)NC(=O)[C@H]([C@H](C)CC)NC(=O)[C@@H](CCCN)NC1=O,0
424,CC[C@H]1OC(=O)[C@H](C)[C@@H](O[C@@H]2C[C@@](C)(OC)[C@H](O)[C@@H](C)O2)[C@H](C)[C@@H](O[C@H]2OC(C)C[C@@H](N(C)C)[C@H]2O)[C@@](C)(O)C[C@@H](C)C(=O)[C@H](C)[C@@H](O)[C@]1(C)O,0
553,CN(C)[C@@H](CCOc1cccc2ccccc12)c1ccccc1.Cl,0
594,COc1c2occc2cc2ccc(=O)oc12,0
1892,COc1ccc(C2=N[C@H](c3ccc(Cl)cc3)[C@@H](c3ccc(Cl)cc3)N2C(=O)N2CCNC(=O)C2)c(OC(C)C)c1,0
368,CCC[C@H](NC(=O)[C@H]1[C@H]2CCC[C@H]2CN1C(=O)[C@@H](NC(=O)[C@@H](NC(=O)c1cnccn1)C1CCCCC1)C(C)(C)C)C(=O)C(=O)NC1CC1,0
1436,CCn1cc(C(=O)O)c(=O)c2cc(F)c(N3CCN(C)CC3)cc21.CS(=O)(=O)O.O.O,0
1340,C=C(C)[C@@H]1CC[C@]2(C(=O)O)CC[C@]3(C)[C@H](CC[C@@H]4[C@@]5(C)CC[C@H](O)C(C)(C)[C@@H]5CC[C@]43C)[C@H]12,0
622,CS(=O)(=O)c1cccc(CNc2nc(Nc3ccc4c(c3)CCC(=O)N4)ncc2C(F)(F)F)c1,0
1128,CC(C)(O)CC(=O)NCCn1ccc2ncnc(Nc3ccc(Oc4cccc(C(F)(F)F)c4)c(Cl)c3)c21,0
1560,CN(C)CCOC(=O)COc1ccc(Cl)cc1.Cl,0
988,CC(C)NCC(O)c1ccc(O)c(O)c1.Cl,0
227,C/C(=C\c1csc(C)n1)[C@H]1C[C@@H]2O[C@@H]2CCC[C@H](C)[C@H](O)[C@@H](C)C(=O)C(C)(C)[C@H](O)CC(=O)O1,0
1449,Cc1c(C(N)=O)cc([N+](=O)[O-])cc1[N+](=O)[O-],0
1161,C[C@]12CC[C@H](O)C[C@@H]1CC[C@@H]1[C@H]2CC[C@]2(C)C(=O)CC[C@@H]12,0
1280,Cc1cc(C#N)cc(C)c1Oc1nc(Nc2ccc(C#N)cc2)nc(N)c1Br,0
1057,Cl.Cl.OC(CN1CCN(c2cccc(Cl)c2)CC1)C(c1ccccc1)c1ccccc1,0
66,Nc1ncnc2c1c(-c1cccc(OCc3ccccc3)c1)cn2[C@H]1C[C@H](CN2CCCC2)C1,0
393,CCOc1nc2cccc(C(=O)O)c2n1Cc1ccc(-c2ccccc2-c2nn[nH]n2)cc1,0
579,CCN(Cc1ccncc1)C(=O)C(CO)c1ccccc1,0
24,CC1(C)CNc2cc(NC(=O)c3cccnc3NCc3ccncc3)ccc21.O=P(O)(O)O.O=P(O)(O)O,0
211,O=C(Nc1cccc(Nc2ncc(Br)c(NCCc3cnc[nH]3)n2)c1)N1CCCC1,0
1774,Cl.NCCc1ccc(S(=O)(=O)F)cc1,0
144,CC(C)c1nc(CN(C)C(=O)N[C@H](C(=O)N[C@@H](Cc2ccccc2)C[C@H](O)[C@H](Cc2ccccc2)NC(=O)OCc2cncs2)C(C)C)cs1,0
536,COc1ccc(CC2c3cc(OC)c(OC)cc3CC[N+]2(C)CCC(=O)OCCCCCOC(=O)CC[N+]2(C)CCc3cc(OC)c(OC)cc3C2Cc2ccc(OC)c(OC)c2)cc1OC.O=S(=O)([O-])c1ccccc1.O=S(=O)([O-])c1ccccc1,0
811,CC1(C)O[C@H]2CC(=O)OC[C@]23[C@H]2CC[C@@]4(C)[C@H](c5ccoc5)OC(=O)[C@@H]5O[C@]54[C@@]2(C)C(=O)C[C@@H]13,0
1078,C[C@H](NC(=O)Cc1cc(F)cc(F)c1)C(=O)N[C@@H]1C(=O)N(C)c2ccccc2-c2ccccc21,0
1034,CC(C)(Cc1ccc2ccccc2c1)NC[C@@H](O)COc1cccc(Cl)c1C#N,0
85,CC[C@@H]1C(=O)N(C)c2cnc(Nc3ccc(C(=O)NC4CCN(C)CC4)cc3OC)nc2N1C1CCCC1,0
1740,Cc1sc2c(c1C)C(c1ccc(Cl)cc1)=N[C@@H](CC(N)=O)c1nnc(C)n1-2,0
272,CN1CCN2c3ccccc3Cc3ccccc3C2C1.Cl,0
952,Cl.c1ccc2c(CC3=NCCN3)cccc2c1,0
1271,C=CCN1CC[C@]23c4c5ccc(O)c4O[C@H]2C(=O)CC[C@@]3(O)[C@H]1C5.Cl,0
1333,CN1CCN(CCCN2c3ccccc3Sc3ccc(C(F)(F)F)cc32)CC1.Cl.Cl,0
1033,COc1cc[nH]c2ncc(C(=O)C(=O)N3CCN(C(=O)c4ccccc4)C[C@H]3C)c1-2,0
1742,CC(C)(C)C(=O)Nc1ccc2c(c1)C(=O)C(=O)c1ccccc1-2,0
630,COc1ccccc1N1CCN(CCCNc2cc(=O)n(C)c(=O)n2C)CC1.Cl,0
984,CC(=O)OCC(=O)[C@]1(O)CC[C@H]2[C@@H]3CCC4=CC(=O)CC[C@]4(C)[C@@H]3C(=O)C[C@@]21C,0
1322,CN(C)CCC=C1c2ccccc2CCc2ccccc21.Cl,0
1804,CCNC(=O)C1=C(c2ccc(OC)cc2)C(=C2C=C(Cl)C(O)=CC2=O)NN1,0
1027,COc1cc(Nc2ncc(F)c(Nc3ccc4c(n3)N(COP(=O)(O)O)C(=O)C(C)(C)O4)n2)cc(OC)c1OC,0
1619,CCOC(=O)CCNc1cc(N2CCc3ccccc3CC2)nc(-c2ccccn2)n1.Cl,0
1102,COc1ccc(-c2ccc3ncc4c(c3c2)n(-c2ccc(N3CCNCC3)c(C(F)(F)F)c2)c(=O)n4C)cn1.O=C(O)/C=C\C(=O)O,0
505,CO[C@H]1/C=C/O[C@@]2(C)Oc3c(C)c(O)c4c(O)c(c(/C=N/N5CCN(C)CC5)c(O)c4c3C2=O)NC(=O)/C(C)=C/C=C/[C@H](C)[C@H](O)[C@@H](C)[C@@H](O)[C@@H](C)[C@H](OC(C)=O)[C@@H]1C,0
273,CCOc1cc(N)c(Cl)cc1C(=O)NCC1CN(Cc2ccc(F)cc2)CCO1.O=C(O)CC(O)(CC(=O)O)C(=O)O,0
1004,CC(C)N(CCNC(=O)CN1CCCC1=O)C(C)C,0
507,CO/N=C(\C(=O)N[C@H]1C(=O)N2C(C(=O)OCOC(=O)C(C)(C)C)=C(/C=C\c3scnc3C)CS[C@H]12)c1csc(N)n1,0
1875,CN1C(=O)C(Cc2c[nH]c3ccccc23)NC1=S,0
362,CN(C)Cc1cccc(N/C(=C2\C(=O)Nc3cc(C(=O)N(C)C)ccc32)c2ccccc2)c1,0
1557,CN(C)C(=O)Oc1cc(OC(=O)N(C)C)cc(C(O)CNC(C)(C)C)c1.Cl,0
1110,Cn1cc(-c2ccc3ncc(Cc4ccc5ncccc5c4)n3n2)cn1,0
1026,COc1cccc2cc(-c3nc([C@H]4CC[C@H](C(=O)O)CC4)n4ncnc(N)c34)[nH]c12,0
1284,CCOC(=O)CC(=O)N1CCSC1COc1ccccc1OC,0
1304,CCCNC(C)C(=O)Nc1c(C)csc1C(=O)OC.Cl,0
1202,COc1cc2ncnc(Nc3ccc(Cl)cc3F)c2cc1OC,0
665,N=C(N)Nc1nc(CSCCC(=N)NS(N)(=O)=O)cs1,0
364,COc1cc(Nc2ncc(F)c(Nc3ccc4c(n3)NC(=O)C(C)(C)O4)n2)cc(OC)c1OC,0
77,O=C(O)c1ccc(Nc2ncc3c(n2)-c2ccc(Cl)cc2C(c2c(F)cccc2F)=NC3)cc1,0
27,Cc1ccc(Nc2nccc(N(C)c3ccc4c(C)n(C)nc4c3)n2)cc1S(N)(=O)=O.Cl,0
1385,CC(=O)S[C@@H]1CC2=CC(=O)CC[C@]2(C)[C@@H]2CC[C@@]3(C)[C@@H](CC[C@]34CCC(=O)O4)[C@@H]21,0
525,Cc1cnc(C(=O)O)c[n+]1[O-],0
1770,O=C(O)C(Cc1ccccc1N(O)O)=NNC1=NC(c2ccc(Cl)c(Cl)c2)CS1,0
55,CCOC(=O)C1=C(N)Oc2ccc(Br)cc2[C@H]1[C@H](C#N)C(=O)OCC,0
638,COC(=O)[C@H](Cc1ccccc1)NC(=O)[C@@H](N)CC(=O)O,0
302,COc1ccc(/C=C/C(=O)Nc2ccccc2C(=O)O)cc1OC,0
718,NS(=O)(=O)c1cc(Cl)c(Cl)c(S(N)(=O)=O)c1,0
624,CCOCC(O)COc1ccc(NC(=O)CC[S+](C)C)cc1.Cc1ccc(S(=O)(=O)[O-])cc1,0
7,Cn1cnc2c(F)c(Nc3ccc(Br)cc3Cl)c(C(=O)NOCCO)cc21,0
803,COc1ccc([C@@H]2CC(=O)c3c(O)cc(O[C@@H]4O[C@H](CO[C@@H]5O[C@@H](C)[C@H](O)[C@H](O)[C@H]5O)[C@@H](O)[C@H](O)[C@H]4O)cc3O2)cc1O,0
336,COc1ccc(S(=O)(=O)N(C(C)=O)c2ccccc2/C=C/c2cc[n+]([O-])cc2)cc1,0
47,COc1ccc(C2=NC(c3ccc(Cl)cc3)C(c3ccc(Cl)cc3)N2C(=O)N2CCNC(=O)C2)c(OC(C)C)c1,0
1428,C[C@H]1CNCCc2ccc(Cl)cc21.Cl,0
106,CCN(CC)C(=O)c1ccc(C2=CC3(CCNCC3)Oc3cccc(O)c32)cc1.Cl,0
349,CCCCC[C@H](O)/C=C/[C@H]1[C@H](CCCCCCC(=O)O)C(=O)C[C@@H]1O,0
238,CC1=NN(c2ccccc2)C(=O)C1,0
213,CN(C)c1nc(N(C)C)nc(N(C)C)n1,0
1657,CC(=O)c1cc([N+](=O)[O-])c(Sc2ccc(F)cc2F)s1,0
1096,O=C1NCCc2[nH]c(-c3ccncc3)cc21,0
793,Cc1cc(O)c2c(c1)C(=O)c1cc(O)cc(O)c1C2=O,0
1233,CC(=O)N[C@@H]1[C@H]([C@H](O)[C@H](O)CO)OC(C(=O)O)=C[C@@H]1NC(=N)N,0
1616,Cc1ccc(-c2nn(C(C)(C)C)c3ncnc(N)c23)cc1,0
523,NC(=O)c1ncn([C@@H]2O[C@@H](CO)[C@@H](O)[C@H]2O)c1N,0
232,S=c1nc[nH]c2nc[nH]c12,0
644,CC12CC3CC(C)(C1)CC(N)(C3)C2.Cl,0
1456,CCNCC.O=S(=O)(O)c1cc(O)ccc1O,0
533,O=C(Nc1ccc2c(=O)cc(-c3nnn[nH]3)oc2c1)c1ccc(OCCCCc2ccccc2)cc1,0
1457,O=c1[nH]c2cc(Cl)ccc2o1,0
603,Cc1cccc(C)c1NC(=O)CN1CCCC1=O,0
1206,Cc1ccc(Nc2c(F)cccc2Cl)c(CC(=O)O)c1,0
1713,CN1CCN(c2ccc(OC(F)(F)F)c(Nc3ncc4c(n3)-c3c(c(C(N)=O)nn3CCO)CC4)c2)CC1,0
60,Cl.Cl.NC1(c2ccc(-c3nc4ccn5c(=O)[nH]nc5c4cc3-c3ccccc3)cc2)CCC1,0
1537,c1ccc2c(c1)Nc1ccccc1S2,0
92,CC(=O)c1c(C)c2cnc(Nc3ccc(N4CCNCC4)cn3)nc2n(C2CCCC2)c1=O.Cl,0
666,CCOC(=O)[C@H](CCc1ccccc1)N[C@@H](C)C(=O)N1Cc2cc(OC)c(OC)cc2C[C@H]1C(=O)O.Cl,0
280,COc1cccc2c1C(=O)c1c(O)c3c(c(O)c1C2=O)C[C@@](O)(C(=O)CO)C[C@@H]3O[C@H]1C[C@H](N)[C@H](O[C@@H]2CCCCO2)[C@H](C)O1,0
1536,COc1ccc(NS(=O)(=O)c2ccc(N)cc2)nn1,0
359,C[C@@]1(c2cc(-c3cncnc3)c(F)cc2F)CCSC(N)=N1,0
1087,CNC(=O)c1ccc(C)c(-n2c(C)cc(OCc3ccc(F)cc3F)c(Br)c2=O)c1,0
1493,Cl.c1ccc(CN(CC2=NCCN2)c2ccccc2)cc1,0
847,Cc1coc2c1C(=O)C(=O)c1c-2ccc2c1CCCC2(C)C,0
1326,CCCN(CCC)CCc1cccc2c1CC(=O)N2.Cl,0
110,N#C/C(=C\c1ccc(O)c(O)c1)C(=O)NCc1ccccc1,0
42,Nc1ccccc1NC(=O)c1ccc(CNC(=O)OCc2cccnc2)cc1,0
125,CC(C)c1cc(C(=O)N2Cc3ccc(CN4CCN(C)CC4)cc3C2)c(O)cc1O,0
204,Cc1ccc(-c2cc(C(F)(F)F)nn2-c2ccc(S(N)(=O)=O)cc2)cc1,0
52,C[C@@H](Oc1cc(-c2cnn(C3CCNCC3)c2)cnc1N)c1c(Cl)ccc(F)c1Cl,0
545,COc1cc(/C=C/C(=O)/C=C(O)/C=C/c2ccc(O)c(OC)c2)ccc1O,0
68,CN(C)Cc1c(C(=O)NCCOc2ccc(C(=O)NO)cc2)oc2ccccc12,0
1094,Cc1cnc(Nc2ccc(OCCN3CCCC3)cc2)nc1Nc1cccc(S(=O)(=O)NC(C)(C)C)c1,0
1494,Cc1ccc(C(=O)C(C)CN2CCCCC2)cc1.Cl,0
183,Nc1nc(F)nc2c1ncn2[C@@H]1O[C@H](COP(=O)(O)O)[C@@H](O)[C@@H]1O,0
137,COc1c(C)cnc(Cn2cnc3c(Cl)nc(N)nc32)c1C,0
899,CCCCNC(=O)NS(=O)(=O)c1ccc(C)cc1,0
796,COc1ccc(-c2coc3cc(O)ccc3c2=O)cc1,0
132,C=CC(=O)Nc1cccc(Oc2nc(Nc3ccc(N4CCN(C)CC4)cc3)ncc2Cl)c1,0
80,COc1cc2c(Nc3ccc(NC(=O)c4ccccc4)cc3)ncnc2cc1OCCCN1CCOCC1,0
1488,Nc1nc2[nH]nnc2c(=O)[nH]1,0
541,O=NN(CCCl)C(=O)NC1CCCCC1,0
1541,Cl.O=C1CC2(CCCC2)CC(=O)N1CCCCN1CCN(c2ncccn2)CC1,0
983,CN(C/C=C/C#CC(C)(C)C)Cc1cccc2ccccc12.Cl,0
165,COc1cccc2c1C(=O)c1c(O)c3c(c(O)c1C2=O)C[C@@](O)(C(=O)CO)C[C@H]3O[C@H]1C[C@H](N)[C@H](O)[C@H](C)O1.Cl,0
248,C[C@H]1C(=O)O[C@H]2[C@@H](O)C34[C@@H]5C[C@@H](C(C)(C)C)C36[C@@H](OC(=O)[C@H]6O)O[C@]4(C(=O)O5)[C@@]12O,0
446,NS(=O)(=O)c1cc2c(cc1Cl)NC(C(Cl)Cl)NS2(=O)=O,0
1106,C[C@@H]1COC(Nc2ccc3ncnc(Nc4ccc(OCc5nccs5)c(Cl)c4)c3c2)=N1,0
858,COc1ccc(-c2coc3cc(O)cc(O)c3c2=O)cc1,0
1182,CN1CCN(c2nc3ccccc3nc2Cl)CC1,0
97,CC(C)c1ccccc1Cc1cc(C(=O)Nc2ccc(S(=O)(=O)c3ccccc3C(C)(C)C)cc2)c(O)c(O)c1O,0
1902,CCCc1nc(C)c2c(=O)[nH]c(-c3cc(S(=O)(=O)N4CCN(CC)CC4)ccc3OCC)nn12.Cl,1
737,C[C@]12CCC(=O)C(O)=C1CC[C@@H]1[C@H]2CC[C@]2(C)C(=O)CC[C@@H]12,0
1208,CN1CCN(C(=O)c2cc3cc(Cl)ccc3[nH]2)CC1,0
102,COc1cc(Nc2ncc3c(n2)-c2ccc(Cl)cc2C(c2c(F)cccc2OC)=NC3)ccc1C(=O)O,0
434,Nc1ncnc2c1ncn2[C@H]1O[C@H](CO)[C@@H](O)[C@H]1O,0
74,Cn1cc(CNCC2CCN(c3ncc(C(=O)NO)cn3)CC2)c2ccccc21,0
1729,C=CC(=O)Nc1cccc(Nc2nc(Nc3ccc(N4CCN(C(C)=O)CC4)cc3OC)ncc2C(F)(F)F)c1,0
1568,C[C@@H]1O[C@@H](O[C@H]2CC[C@@]3(C)[C@H](CC[C@@H]4[C@H]3C[C@@H](O)[C@]3(C)[C@H](C5=CC(=O)OC5)CC[C@]43O)C2)C[C@H](O)[C@@H]1O[C@H]1C[C@H](O)[C@H](O[C@H]2C[C@H](O)[C@H](O)[C@@H](C)O2)[C@@H](C)O1,0
918,CC[N+](CC)(CC)CCOc1cccc(OCC[N+](CC)(CC)CC)c1OCC[N+](CC)(CC)CC.[I-].[I-].[I-],0
1654,CCOC(=O)c1ccc(N2NC(=O)/C(=C/c3ccc([N+](=O)[O-])o3)C2=O)cc1,0
1615,CC(C)(CO)c1cc2cc(NC(=O)C3(c4ccc5c(c4)OC(F)(F)O5)CC3)c(F)cc2n1C[C@@H](O)CO,0
1566,O=C(O)CCCc1ccc(N(CCCl)CCCl)cc1,0
762,Nc1cc(C(F)(F)F)c(-c2cc(N3CCOCC3)nc(N3CCOCC3)n2)cn1,0
989,CC(=O)O[C@@]1(C(C)=O)CC[C@H]2[C@@H]3C[C@H](C)C4=CC(=O)CC[C@]4(C)[C@@H]3CC[C@@]21C,0
388,Cl.O=S(=O)(c1cccc2cnccc12)N1CCCNCC1,0
235,C=C1C(=O)O[C@@H]2/C=C(\C)CC/C=C(\C)CC[C@@H]12,0
1455,OC1(c2ccc(Cl)c(C(F)(F)F)c2)CCN(CCCC(c2ccc(F)cc2)c2ccc(F)cc2)CC1,0
267,C#C[C@@]1(O)C=C[C@H]2[C@@H]3CCC4=CC(=O)CC[C@@H]4[C@@H]3CC[C@@]21CC,0
1144,CC(C)NC[C@@H](C(=O)N1CCN(c2ncnc3c2[C@H](C)C[C@@H]3O)CC1)c1ccc(Cl)cc1,0
117,CC[C@H](CO)Nc1nc(NCc2ccccc2)c2ncn(C(C)C)c2n1,0
1552,O=C(O)c1ccccc1Nc1cccc(C(F)(F)F)c1,0
673,CCN(C)C(=O)Oc1cccc([C@H](C)N(C)C)c1.O=C(O)[C@H](O)[C@@H](O)C(=O)O,0
249,CCC1=C(C)CN(C(=O)NCCc2ccc(S(=O)(=O)NC(=O)N[C@H]3CC[C@H](C)CC3)cc2)C1=O,0
1401,CC(C)NCC(O)COc1cccc2ccccc12.Cl,0
1923,CN(CCC(N)CC(=O)NC1C=CC(n2ccc(N)nc2=O)OC1C(=O)O)C(=N)N,1
94,Cc1ccc(S(=O)(=O)Nc2nc3ccccc3nc2Nc2ccc3nsnc3c2)cc1,0
33,CCN(CC)CCNC(=O)c1c(C)[nH]c(/C=C2\C(=O)Nc3ccc(F)cc32)c1C.O=C(O)C[C@H](O)C(=O)O,0
1412,CCC(=O)O[C@@]1(C(=O)CCl)[C@@H](C)C[C@H]2[C@@H]3C[C@H](F)C4=CC(=O)C=C[C@]4(C)[C@]3(F)[C@H](O)C[C@@]21C,0
1612,COC[C@H](NC(=O)c1cnc(C)s1)C(=O)N[C@@H](COC)C(=O)N[C@@H](Cc1ccccc1)C(=O)C1(C)CO1,0
448,NCCCCCC(=O)O,0
716,CCN(CC)Cc1ccc2cc(COC(=O)Nc3ccc(C(=O)NO)cc3)ccc2c1.Cl.O,0
1216,O=C(Nc1ccccc1)c1cc([N+](=O)[O-])ccc1Cl,0
1466,Nc1nc(N)nc(NC2CC2)n1,0
0,CC1(C)CCC(c2ccc(Cl)cc2)=C(CN2CCN(c3ccc(C(=O)NS(=O)(=O)c4ccc(N[C@H](CCN5CCOCC5)CSc5ccccc5)c(S(=O)(=O)C(F)(F)F)c4)cc3)CC2)C1,0
1324,CN1CCC(=C2c3ccccc3CCc3cccnc32)CC1.O=C(O)C=CC(=O)O.O=C(O)C=CC(=O)O,0
1101,COc1cc(F)c(C(C)C)cc1-c1ccc(C(F)(F)F)cc1CN1C(=O)O[C@H](c2cc(C(F)(F)F)cc(C(F)(F)F)c2)[C@H]1C,0
1108,COc1ccc(-c2nc(N3CCOCC3)c3sc(CN(C)c4ncc(C(=O)NO)cn4)cc3n2)cn1,0
82,O=c1cc(N2CCOCC2)oc2c(-c3ccccc3)cccc12,0
1239,Cc1cc(C2CCCCC2)n(O)c(=O)c1.NCCO,0
676,CN(C)CCc1c[nH]c2ccc(CS(=O)(=O)N3CCCC3)cc12.O=C(O)CC(O)C(=O)O,0
1709,COc1cc(C(=O)NC2CCN(C)CC2)ccc1Nc1ncc2c(n1)N(C1CCCC1)CC(F)(F)C(=O)N2C,0
1046,O=C1[C@@H](Cc2ccc(O)cc2)N2C(=O)CCN(C(=O)NCc3ccccc3)[C@H]2CN1Cc1cccc2ccccc12,0
770,N#C[C@H](O[C@@H]1O[C@H](CO[C@@H]2O[C@H](CO)[C@H](O)[C@H](O)[C@H]2O)[C@@H](O)[C@H](O)[C@H]1O)c1ccccc1,0
1710,O=C(/C=C\n1cnc(-c2cc(C(F)(F)F)cc(C(F)(F)F)c2)n1)N1CC(F)(F)C1,0
1232,Cl.Fc1ccc([C@@H]2CCNC[C@H]2COc2ccc3c(c2)OCO3)cc1,0
1769,CNc1nc(Nc2cnn([C@H]3CCN(C4COC4)C[C@H]3F)c2Cl)ncc1C(F)(F)F,0
1903,CCCCCCCCCCCCCCCc1cccc(O)c1C(=O)O,1
404,CN(C)C(=O)Oc1ccc[n+](C)c1.[Br-],0
1668,c1cc(-c2cnn3cc(-c4ccc(N5CCNCC5)cc4)cnc23)c2cccnc2c1,0
1669,COc1ccc(-c2cnc3c(-c4cccc5ncccc45)cnn3c2)cc1,0
1289,Nc1ccc(S(=O)(=O)Nc2nccs2)cc1,0
104,CC(C)OC(=O)C(C(=O)OC(C)C)=C1SC=CS1,0
688,Cc1nc2c([nH]1)-c1ccccc1N(C(=O)c1ccc(NC(=O)c3ccccc3-c3ccccc3)cc1)CC2.Cl,0
1255,c1ccc2c(Oc3nc(Nc4ccc(N5CCOCC5)cc4)c4ncn(C5CCCCC5)c4n3)cccc2c1,0
826,COc1ccc2ccc(=O)oc2c1CC=C(C)C,0
62,CS(=O)(=O)c1ccc(C(=O)Nc2ccc(Cl)c(-c3ccccn3)c2)c(Cl)c1,0
852,COc1cc(CCC(C)=O)ccc1O,0
1302,CCN(CC)C(=O)/C(C#N)=C/c1cc(O)c(O)c([N+](=O)[O-])c1,0
223,CCCCCCNC(=O)n1cc(F)c(=O)[nH]c1=O,0
145,C/C(=C\C(=O)Nc1ccccc1C(=O)O)c1ccc2ccccc2c1,0
1088,COc1cc2ncnc(Nc3ccc(F)c(Cl)c3)c2cc1NC(=O)/C=C/CN1CCCCC1,0
373,Cc1nc(-c2ccc(OCC(C)C)c(C#N)c2)sc1C(=O)O,0
1667,CC(C)Oc1ccc(-c2cnc3c(-c4ccnc5ccccc45)cnn3c2)cc1,0
1142,CN1CCN(c2cccc(Nc3nc4c(-c5ccc(S(C)(=O)=O)cc5)cccn4n3)c2)CC1,0
1763,CN(c1ncccc1CNc1nc(Nc2ccc3c(c2)CC(=O)N3)ncc1C(F)(F)F)S(C)(=O)=O.Cl,0
1591,NC(=O)c1ccc(N(C(N)=O)c2c(F)cccc2F)nc1-c1ccc(F)cc1F,0
1547,Cc1cc(C)cc(NC(=O)Cc2ccc(OC(C)(C)C(=O)[O-])cc2)c1.[Na+],0
1222,O=C(/C=C/c1ccccc1)NC(NC(=S)Nc1cccc2cccnc12)C(Cl)(Cl)Cl,0
9,CN(C)C/C=C/C(=O)Nc1cc2c(Nc3ccc(F)c(Cl)c3)ncnc2cc1O[C@H]1CCOC1,0
449,CCC1(c2ccc(N)cc2)CCC(=O)NC1=O,0
708,O=C(c1ccc(/C=C/c2n[nH]c3ccccc23)cc1)N1CCNCC1,0
255,CCN(CC)CC(=O)Nc1c(C)cccc1C,0
882,Cc1cc(O)c2c(c1)C(=O)c1cccc(O)c1C2=O,0
389,Cc1ccc(-n2nc(C(C)(C)C)cc2NC(=O)Nc2ccc(OCCN3CCOCC3)c3ccccc23)cc1,0
908,CN(C)CCCN1c2ccccc2Sc2ccc(Cl)cc21.Cl,0
924,COC(=O)C1=C(C)NC(C)=C(C(=O)OCCN2CCN(C(c3ccccc3)c3ccccc3)CC2)C1c1cccc([N+](=O)[O-])c1,0
1646,Nc1nc(N)c(N=O)c(OCC2CCCCC2)n1,0
1251,COc1cccc2c1C(=O)c1c(O)c3c(c(O)c1C2=O)C[C@@](O)(C(C)=O)C[C@H]3O[C@H]1C[C@H](N)[C@H](O)[C@H](C)O1.Cl,0
460,O=C(C1CCCCC1)N1CC(=O)N2CCc3ccccc3C2C1,0
1221,C#Cc1cccc(Nc2ncnc3cc4c(cc23)OCCOCCOCCO4)c1,0
1168,CCS(=O)(=O)N1CC(CC#N)(n2cc(-c3ncnc4[nH]ccc34)cn2)C1,0
958,C=C1c2cccc(O)c2C(=O)C2=C(O)[C@]3(O)C(=O)C(C(N)=O)=C(O)[C@H](N(C)C)[C@@H]3[C@H](O)[C@H]12.Cl,0
501,CO[C@H]1/C=C/O[C@@]2(C)Oc3c(C)c(O)c4c(O)c(c(/C=N/N5CCN(C6CCCC6)CC5)c(O)c4c3C2=O)NC(=O)/C(C)=C/C=C/[C@H](C)[C@H](O)[C@@H](C)[C@@H](O)[C@@H](C)[C@H](OC(C)=O)[C@@H]1C,0
739,C[C@H](NC(=O)Cc1cc(F)cc(F)c1)C(=O)N[C@H](C(=O)OC(C)(C)C)c1ccccc1,0
1785,COc1ccc(C[C@H](N)C(=O)N[C@@H]2[C@H](O)[C@H](n3cnc4c(N(C)C)ncnc43)O[C@H]2CO)cc1.Cl.Cl,0
868,C[C@@H]1O[C@@H](O[C@@H]2[C@H](Oc3cc(O)c(C(=O)CCc4ccc(O)cc4)c(O)c3)O[C@H](CO)[C@@H](O)[C@@H]2O)[C@H](O)[C@H](O)[C@H]1O,0
731,CN1CCC(CNc2ccc3ncc(-c4cccc(OC(F)(F)F)c4)n3n2)CC1,0
539,CCCS(=O)c1ccc2nc(NC(=O)OC)[nH]c2c1,0
697,COc1ccc([C@H]2CNC(=O)C2)cc1OC1CCCC1,0
1341,CC(C)[C@@]12O[C@@H]1[C@@H]1O[C@]13[C@]1(O[C@@H]1C[C@@H]1C4=C(CC[C@@]13C)C(=O)OC4)[C@@H]2O,0
1368,C=C1CC[C@@H](O)C/C1=C/C=C1\CCC[C@]2(C)[C@@H]([C@H](C)/C=C/[C@H](C)C(C)C)CC[C@@H]12,0
1145,Cc1cccc(C#Cc2ccccc2)n1,0
1031,Cl.O=C(O)Cc1cccc(OCCCN(Cc2cccc(C(F)(F)F)c2Cl)CC(c2ccccc2)c2ccccc2)c1,0
372,Cc1cc(NC(=O)Nc2ccc(N(C)C)cc2)c2cc(F)cc(F)c2n1,0
667,CCCC(=O)OCOC(=O)C1=C(C)NC(C)=C(C(=O)OC)C1c1cccc(Cl)c1Cl,0
1474,O=c1cc[nH]c(=O)[nH]1,0
357,C=CCn1c(=O)c2cnc(Nc3ccc(N4CCN(C)CC4)cc3)nc2n1-c1cccc(C(C)(C)O)n1,0
967,Cc1ncc([N+](=O)[O-])n1CC(C)O,0
783,O=C(O)/C=C/c1ccc(O)c(O)c1,0
735,C#Cc1cccc(Nc2ncnc3cc(OCCOC)c(OCCO)cc23)c1.Cl,0
1035,CNC(=O)c1cc(Oc2ccc(NC(=O)Nc3cc(C(C)(C)C)nn3-c3ccc4ncccc4c3)c(F)c2)ccn1,0
970,Cl.N=C(N)NC(=N)NCCc1ccccc1,0
1473,NC(CO)(CO)CO,0
1435,Cl.Cl.NCCc1c[nH]cn1,0
1472,N=C(N)NS(=O)(=O)c1ccc(N)cc1,0
1662,O=C(O)c1ccc(/C=C2/SC(=S)N(c3cccc(C(F)(F)F)c3)C2=O)cc1,0
1680,C=CC(=O)Nc1cccc(Nc2nc(Nc3ccc(OCCOC)cc3)ncc2F)c1,0
1658,Cc1cc(C(=O)CN2CCCC2)c(C)n1-c1ccc(F)cc1,0
885,CC(=O)O[C@@]12CO[C@@H]1C[C@@H](O)[C@@]1(C)C(=O)[C@H](O)C3=C(C)[C@@H](O)C[C@@](O)([C@@H](OC(=O)c4ccccc4)[C@H]21)C3(C)C,0
79,CCO.N#CC(=C(/N)Sc1ccccc1N)/C(C#N)=C(/N)Sc1ccccc1N,0
1172,S=C=Nc1cccc(NC(=S)NCCCCNC(=S)Nc2cccc(N=C=S)c2)c1,0
814,O=C1CCC[C@@H]2[C@@H]3CCCN4CCC[C@H](CN12)[C@@H]34,0
1236,CC1(C)S[C@H]2[C@H](NC(=O)[C@H](N)c3ccc(O)cc3)C(=O)N2[C@H]1C(=O)O,0
671,CCC(COC(=O)c1cc(OC)c(OC)c(OC)c1)(c1ccccc1)N(C)C,0
1480,O=C(O)Cc1cc(I)c(Oc2ccc(O)c(I)c2)c(I)c1,0
57,Cn1cc(C2=C(c3ccc(Cl)cc3Cl)C(=O)NC2=O)c2ccccc21,1
133,Cc1nc(N)sc1-c1ccnc(Nc2ccc(N3CCOCC3)cc2)n1,0
1140,C[C@]12CC[C@H](O)CC1=CCC1C2CC[C@]2(C)C(n3cnc4ccccc43)=CCC12,0
933,Cc1cc2c(s1)Nc1ccccc1N=C2N1CCN(C)CC1,0
1627,C[C@@]12C(=O)N(c3ccc(C(=O)Nc4cccc5cccnc45)cc3)C(=O)[C@@H]1[C@H]1C=C[C@H]2C1,0
823,CC1(C)C[C@@H]2C3=CC[C@H]4[C@@]5(C)CC[C@H](O)C(C)(C)[C@@H]5CC[C@@]4(C)[C@]3(C)CCC2[C@H](C(=O)O)C1,0
1214,Cc1ccc(S(=O)(=O)/C=C/C#N)cc1,0
504,O=C(O)/C=C/C(=O)O.OCCOCCN1CCN(C2=Nc3ccccc3Sc3ccccc32)CC1.OCCOCCN1CCN(C2=Nc3ccccc3Sc3ccccc32)CC1,0
1712,CN1CCN(S(=O)(=O)c2ccc(-c3cnc(N)c(C(=O)Nc4cccnc4)n3)cc2)CC1,1
347,Cn1c(=O)c2c(ncn2CC(O)CO)n(C)c1=O,0
386,C[C@@H]1CN(CC(=O)Nc2ccc3c(c2)Cc2cccc(-c4cc(=O)cc(N5CCOCC5)o4)c2S3)C[C@H](C)O1,1
1024,Nc1ncnc2c1c(-c1cnc3[nH]ccc3c1)nn2C1CCCC1,0
894,COc1cc(C(C)=O)ccc1O,0
828,COc1ccc(C(C)=O)c(O)c1,0
1825,Cc1ccc(CNc2ncnc3ccc(-c4ccc(CO)o4)cc23)o1,0
475,Cc1cnc(C(=O)NCCc2ccc(S(=O)(=O)NC(=O)NC3CCCCC3)cc2)cn1,0
1419,CC1(C)O[C@@H]2C[C@H]3[C@@H]4CCC5=CC(=O)CC[C@]5(C)[C@]4(F)[C@H](O)C[C@]3(C)[C@@]2(C(=O)CCl)O1,0
1345,C[C@H](CCC(=O)O)[C@@H]1CC[C@H]2[C@@H]3CC[C@@H]4C[C@H](O)CC[C@]4(C)[C@H]3CC[C@@]21C,0
652,O=c1cc(O)c(Cl)c[nH]1,0
172,Nc1nc(Cl)nc2c1ncn2[C@@H]1O[C@H](CO)[C@@H](O)[C@@H]1F,0
1149,Cc1nc(NC(=O)N2CCC[C@H]2C(N)=O)sc1-c1ccnc(C(C)(C)C(F)(F)F)c1,0
38,O=C(CCCCCCC(=O)Nc1ccccc1)NO,0
713,CCc1cncnc1N1CCN(Cc2nc3cc(C(F)(F)F)ccc3[nH]2)CC1,0
90,Cn1cc(-c2ccc3nnc(C(F)(F)c4ccc5ncccc5c4)n3n2)cn1,0
1866,COc1cc2ncc(-c3ccccc3)nc2cc1OC,0
1205,Cc1ccc(-n2sc(=O)n(Cc3ccc(F)cc3)c2=O)cc1,0
875,OC[C@H]1O[C@@H](OCCc2ccc(O)cc2)[C@H](O)[C@@H](O)[C@@H]1O,0
1328,CC1(C)SC2C(NC(=O)[C@H](C(=O)O)c3ccsc3)C(=O)N2C1C(=O)O.[Na].[Na],0
1093,Cn1cc(-c2cnn3c(N)c(Br)c([C@@H]4CCCNC4)nc23)cn1,1
1155,O=C(O)[C@H](Cc1c[nH]c2ccccc12)N1C(=O)c2ccccc2C1=O,0
1381,Cc1onc(-c2ccccc2)c1-c1ccc(S(N)(=O)=O)cc1,0
1887,Nc1nc(OCc2cc(Br)cs2)c2[nH]cnc2n1,0
499,CCn1cc(C(=O)O)c(=O)c2cc(F)c(N3CCNCC3)nc21,0
338,CC(C)CC(=O)Nc1n[nH]c2c1CN(C(=O)C1CCN(C)CC1)C2(C)C,0
1188,O=C1Nc2ccc(I)cc2/C1=C\c1cc(Br)c(O)c(Br)c1,0
28,O=C(NOC[C@H](O)CO)c1ccc(F)c(F)c1Nc1ccc(I)cc1F,0
1217,CCCC(=O)Nc1cccc(NC(=O)c2ccccc2Br)c1,0
1274,COc1cc(C=O)ccc1O,0
1757,COc1cc(N2CCN(C)CC2)ccc1Nc1nccc(-c2cn(C)c3cnccc23)n1,0
945,Br.CN1[C@@H]2C[C@@H](OC(=O)[C@H](CO)c3ccccc3)C[C@H]1[C@@H]1O[C@@H]12,0
169,COc1nc(N)nc2c1ncn2[C@@H]1O[C@H](CO)[C@@H](O)[C@@H]1O,0
1353,CN1C2CCC1CC(OC(=O)[C@H](CO)c1ccccc1)C2,0
1197,CN(c1ncccc1CNc1nc(Nc2ccc3c(c2)CC(=O)N3)ncc1C(F)(F)F)S(C)(=O)=O,0
1253,O=C(O)CCCN1CCC(O[C@@H](c2ccc(Cl)cc2)c2ccccn2)CC1.O=S(=O)(O)c1ccccc1,0
912,CCCN[C@H]1CCc2nc(N)sc2C1,0
491,CCCc1nc2c(C)cc(-c3nc4ccccc4n3C)cc2n1Cc1ccc(-c2ccccc2C(=O)O)cc1,0
953,CNC[C@H](O)c1ccc(O)c(O)c1.O=C(O)[C@H](O)[C@@H](O)C(=O)O,0
1097,COc1ccc(-c2cc3c(C)nc(N)nc3n([C@H]3CC[C@H](OCCO)CC3)c2=O)cn1,0
1032,NC(=O)c1cccc(-c2cccc(OC(=O)NC3CCCCC3)c2)c1,0
587,Nc1nc(N)nc(-c2cc(Cl)ccc2Cl)n1,0
750,CCO[C@H]1OC(=O)C[C@@H]1NC(=O)[C@@H]1CCCN1C(=O)[C@@H](NC(=O)c1ccc(N)c(Cl)c1)C(C)(C)C,0
657,CC(S)C(=O)NCC(=O)O,0
234,Cc1noc(-c2ccc(CSCCC(=O)O)cc2)c1NC(=O)OC(C)c1ccccc1Cl,0
732,COCCCOc1cc(C[C@@H](C[C@H](N)[C@@H](O)C[C@H](C(=O)NCC(C)(C)C(N)=O)C(C)C)C(C)C)ccc1OC.COCCCOc1cc(C[C@@H](C[C@H](N)[C@@H](O)C[C@H](C(=O)NCC(C)(C)C(N)=O)C(C)C)C(C)C)ccc1OC.O=C(O)/C=C/C(=O)O,0
1917,CC(=O)OC1CC2C(C)(C)C(O)C=CC2(C)C2CCC3(C)C(=CC(=O)OC3c3ccoc3)C12C,1
1753,C=CS(=O)(=O)NC1CCN(C(=O)CNc2cc(I)c(Cl)cc2OC)CC1,0
1156,Cc1c(Cc2ccc3ccccc3n2)c2cc(F)ccc2n1CC(=O)O,0
1418,CC(=O)[C@@H]1CC[C@H]2[C@@H]3C=CC4=CC(=O)CC[C@@]4(C)[C@H]3CC[C@]12C,0
1440,Cl.c1ccc(CC2=NCCN2)cc1,0
1573,Cc1ccc(Cl)c(Nc2ccccc2C(=O)O[Na])c1Cl,0
934,CN(C)CC/C=C1\c2ccccc2COc2ccc(CC(=O)O)cc21.Cl,0
1209,COC(=O)CCSCc1ccc(-c2onc(C)c2NC(=O)OC(C)c2ccccc2Cl)cc1,0
1065,COc1ccc(F)c(F)c1C(=O)c1cnc(NC2CCN(S(C)(=O)=O)CC2)nc1N,0
108,C=CCNC1=C2C[C@@H](C)C[C@H](OC)[C@H](O)[C@@H](C)/C=C(\C)[C@H](OC(N)=O)[C@@H](OC)/C=C\C=C(\C)C(=O)NC(=CC1=O)C2=O,0
1489,Oc1c(Br)cc(Br)c2cccnc12,0
568,[I-].[K+],0
1167,CC1CCN(CC[C@H]2CCCN2S(=O)(=O)c2cccc(O)c2)CC1.Cl,0
1174,C[C@]12N[C@H](Cc3ccccc31)c1ccccc12,0
890,CC(C)(O)[C@H]1CC[C@@](C)([C@@H]2[C@@H](O)C[C@@]3(C)[C@@H]4C[C@H](O[C@@H]5O[C@H](CO)[C@@H](O)[C@H](O)[C@@H]5O)[C@H]5C(C)(C)[C@@H](O[C@@H]6OC[C@@H](O)[C@H](O)[C@H]6O)CC[C@@]56C[C@]46CC[C@]23C)O1,0
947,CN[C@H]1[C@@H](O)[C@H]2O[C@@H]3O[C@H](C)CC(=O)[C@]3(O)O[C@@H]2[C@@H](NC)[C@H]1O.Cl.Cl,0
1048,CCC(C)(Oc1ccc(C2(c3ccc(OC(C)(CC)C(=O)O)cc3)CCCCC2)cc1)C(=O)O,0
1301,CN(C)CCN(Cc1ccccc1)c1ccccn1.Cl,0
1320,Br.CN1CCC[C@@H]1Cc1c[nH]c2ccc(CCS(=O)(=O)c3ccccc3)cc12,0
1395,Cl.N=C(N)N,0
884,C/C=C(\C)C(=O)N[C@@H](c1ccccc1)[C@@H](O)C(=O)O[C@H]1C[C@@]2(O)[C@@H](OC(=O)c3ccccc3)[C@@H]3[C@]4(OC(C)=O)CO[C@@H]4C[C@@H](O)[C@@]3(C)C(=O)[C@@H](OC(C)=O)C(=C1C)C2(C)C,0
1617,CC(C)N(C[C@H]1O[C@@H](n2cnc3c(N)ncnc32)[C@H](O)[C@@H]1O)[C@H]1C[C@@H](CCc2nc3cc(C(C)(C)C)ccc3[nH]2)C1,0
850,C[C@@H]1O[C@@H](OC[C@@H]2O[C@@H](Oc3c(-c4ccc(OCCO)c(OCCO)c4)oc4cc(OCCO)cc(O)c4c3=O)[C@H](O)[C@@H](O)[C@@H]2O)[C@H](O)[C@H](O)[C@H]1O,0
734,Cc1ccc(C(=O)Nc2cccc(C(F)(F)F)c2)cc1Nc1nc(-c2cccnc2)nc2c1cnn2C,0
717,CCOC(=O)[C@@H](N)Cc1ccc(-c2cc(O[C@H](c3ccc(Cl)cc3-n3ccc(C)n3)C(F)(F)F)nc(N)n2)cc1.O=C(O)CNC(=O)c1ccccc1,0
454,C[C@H](C(=O)O)c1ccc(-c2ccccc2)c(F)c1,0
264,CN(C)CCN1C(=O)c2cccc3cc(N)cc(c23)C1=O,0
75,CC1COC2(CCN(c3nc(=O)c4cc(C(F)(F)F)cc([N+](=O)[O-])c4s3)CC2)O1,0
1602,C[C@H](Nc1ncnc2[nH]cnc12)c1cc2cccc(Cl)c2c(=O)n1-c1ccccc1,0
444,C[C@]12CC[C@H]3c4ccc(O)cc4CC[C@H]3[C@@H]1CCC2=O,0
395,Nc1cccc(-c2cc3c(Oc4cccc(O)c4)ncnc3[nH]2)c1,0
176,C[C@@H](CN1CC(=O)NC(=O)C1)N1CC(=O)NC(=O)C1.Cl,0
1042,COc1ncc(-c2ccc3nccc(-c4ccnnc4)c3c2)cc1NS(=O)(=O)c1ccc(F)cc1F,0
1676,COc1cc(-n2c(S)nc3ccccc3c2=O)c(Cl)cc1Cl,0
1350,CCCC(=O)Nc1ccc(OCC(O)CNC(C)C)c(C(C)=O)c1.Cl,0
1329,CC1(C)SC2C(NC(=O)[C@H](NC(=O)N3CCNC3=O)c3ccccc3)C(=O)N2C1C(=O)O.[Na],0
595,Clc1ccc(COC(Cn2ccnc2)c2ccc(Cl)cc2Cl)c(Cl)c1.O=[N+]([O-])O,0
61,Cc1[nH]c(/C=C2/C(=O)Nc3ccc(S(=O)(=O)N(C)c4cccc(Cl)c4)cc32)c(C)c1C(=O)N1CCN(C)CC1,0
1296,O=C(O)c1ccccc1O.[Na],0
872,OC[C@@H](O)[C@@H](O)[C@H](O)[C@@H](O)CO,0
1620,CN1CCc2cc3c(cc2[C@H]1[C@@H]1OC(=O)c2c1ccc1c2OCO1)OCO3,0
1811,CCCCN(Cc1ccc(C(=O)NO)cc1)C(=O)Nc1ccccc1,0
278,NC(=O)N1c2ccccc2CC(=O)c2ccccc21,0
36,CC(/C=C/C(=O)NO)=C\[C@@H](C)C(=O)c1ccc(N(C)C)cc1,0
1464,CN(C)CCCOc1nn(Cc2ccccc2)c2ccccc12.Cl,0
662,CC1CNc2c(cccc2S(=O)(=O)N[C@@H](CCCNC(=N)N)C(=O)N2CC[C@@H](C)C[C@H]2C(=O)O)C1,0
1743,Cc1ccc(S(=O)(=O)Cc2nc(-c3ccc(C(=O)NCc4cccnc4)cc3)oc2C)cc1,0
1393,CC(=O)O.N=C(N)N/N=C/c1c(Cl)cccc1Cl,0
977,CC1(C)[C@@H](C(=O)[O-])N2C(=O)C[C@H]2S1(=O)=O.[Na+],0
1518,CC(=O)O[C@]1(C(C)=O)CC[C@H]2[C@@H]3C[C@H](C)C4=CC(=O)C=C[C@]4(C)[C@@]3(F)[C@@H](O)C[C@@]21C,0
738,Cc1cc(Nc2nc(N[C@@H](C)c3ccc(F)cc3)c(C#N)cc2F)n[nH]1,0
191,S=C(NCc1ccc2c(c1)OCO2)N1CCN(c2ncnc3c2oc2ccccc23)CC1,0
919,CC[C@H](c1ccc(O)cc1)[C@@H](CC)c1ccc(O)cc1,0
456,Nc1ccc(O)c(C(=O)O)c1,0
675,Cc1cccc(Cc2c[nH]cn2)c1C.Cl,0
760,CCC[C@H](NC(=O)/C(C#N)=C/c1cccc(Br)n1)c1ccccc1,0
1744,CCC(=O)Nc1cccc(Oc2nc(Nc3ccc(N4CCN(C)CC4)cc3OC)ncc2Cl)c1,0
1548,CC(C)(Oc1ccc(Cl)cc1)C(=O)OCCOC(=O)c1cccnc1,0
728,C[C@@H](Oc1cc(-n2cnc3ccc(CN4CCN(C)CC4)cc32)sc1C(N)=O)c1ccccc1C(F)(F)F,0
412,CCCNC(C)C(=O)Nc1ccccc1C,0
1098,Cc1cc(CN2CCN(c3c(Br)cnc4[nH]c(-c5ccc(N6CCN(C)CC6)cc5)nc34)CC2)no1,0
825,O=C(O)c1cc(=O)[nH]c(=O)[nH]1,0
1876,O=C(COc1cccc2c(=O)[nH]ccc12)c1ccccc1,0
616,COc1cc2c(cc1Cc1cccc(Cl)c1F)c(=O)c(C(=O)O)cn2[C@H](CO)C(C)C,0
114,CC(=O)O[C@]12CO[C@@H]1C[C@H](O)[C@]1(C)C(=O)[C@H](O)C3=C(C)[C@H](OC(=O)[C@H](O)[C@@H](NC(=O)OC(C)(C)C)c4ccccc4)C[C@](O)([C@H](OC(=O)c4ccccc4)C21)C3(C)C,0
417,COc1ccc2cc([C@H](C)C(=O)[O-])ccc2c1.[Na+],0
1841,Cc1[nH]c2ccccc2c1C1=C(NCCc2ccc(F)cc2)C(=O)N(C)C1=O,0
969,CN(C)CCCN1c2ccccc2CCc2ccc(Cl)cc21.Cl,0
604,O=C(NCCO[N+](=O)[O-])c1cccnc1,0
1848,CC(=O)Nc1ccc(NC(=S)NC(=O)c2ccc(C(C)(C)C)cc2)cc1,0
89,CCn1c(-c2nonc2N)nc2c(C#CC(C)(C)O)ncc(OC[C@H]3CCCNC3)c21,0
848,O=C1c2c(O)cc(O)cc2O[C@H](c2ccc(O)c(O)c2)[C@H]1O,0
1468,O=c1ccc2ccccc2o1,0
1847,O=C(NC1CCN(CCCCC2(C(=O)NCC(F)(F)F)c3ccccc3-c3ccccc32)CC1)c1ccccc1-c1ccc(C(F)(F)F)cc1,0
753,CNC(=O)c1cc(COc2nnc(Nc3ccc(Cl)cc3)c3ccoc23)ccn1,0
498,COC(=O)C1=C(C)NC(C)=C(C(=O)OCC(C)C)C1c1ccccc1[N+](=O)[O-],0
1276,Cc1cccc([C@H](C)c2cnc[nH]2)c1C,0
1325,Cl.NCC(O)c1ccc(O)cc1,0
11,CC(C)C[C@H](NC(=O)[C@H](Cc1ccccc1)NC(=O)c1cnccn1)B(O)O,0
396,COc1ccc(-n2nc(C(N)=O)c3c2C(=O)N(c2ccc(N4CCCCC4=O)cc2)CC3)cc1,0
284,Cc1cn(C2C=CC(CO)O2)c(=O)[nH]c1=O,0
1066,c1cncc(CN2CCC(n3ncc4c(N5CCOCC5)nc(-c5ccc6[nH]ccc6c5)nc43)CC2)c1,0
1191,C[C@@]12N[C@@H](Cc3ccccc31)c1ccccc12.O=C(O)/C=C/C(=O)O,0
1908,O.c1cnc2c(c1)ccc1cccnc12,1
690,CC(C)(Sc1cc(C(C)(C)C)c(O)c(C(C)(C)C)c1)Sc1cc(C(C)(C)C)c(O)c(C(C)(C)C)c1,0
1576,Cl.O[C@@H](c1cc(C(F)(F)F)nc2c(C(F)(F)F)cccc12)[C@H]1CCCCN1,0
1808,CCCc1ccc(OCC(=O)N(Cc2nc(-c3cccnc3)no2)C(C)C)cc1,0
689,CCCCCCCN(CC)CCCC(O)c1ccc(NS(C)(=O)=O)cc1.CCCCCCCN(CC)CCCC(O)c1ccc(NS(C)(=O)=O)cc1.O=C(O)/C=C/C(=O)O,0
851,C[C@@H]1[C@H](C)C[C@@H](C(=O)O)C2CC[C@]3(C)C(=CC[C@H]4[C@@]5(C)CC[C@H](O)C(C)(C)[C@@H]5CC[C@]43C)[C@H]21,0
159,O=S(=O)([O-])CCSSCCS(=O)(=O)[O-].[Na+].[Na+],0
895,COc1cc2c(cc1OC)[C@@H]1Cc3ccc(OC)c(OC)c3CN1CC2,0
1837,CC(=O)OCOC(=O)CN(CC(=O)OCOC(C)=O)c1ccccc1OCCOc1ccccc1N(CC(=O)OCOC(C)=O)CC(=O)OCOC(C)=O,0
257,CCCCc1nc(Cl)c(CO)n1Cc1ccc(-c2ccccc2-c2nnn[nH]2)cc1.[K],0
335,Cn1cc(/C=C/C(=O)c2cccc(F)c2)cc1/C=C/C(=O)NO,0
1812,Cl.Cl.O=c1cc(CN2CCOCC2)occ1OCCCCCSc1ccnc2cc(C(F)(F)F)ccc12,0
1039,O=c1cc(N2CCOCC2)oc2c(-c3cccc4c3sc3ccccc34)cccc12,0
515,Nc1ncnc2c1ncn2[C@@H]1O[C@H](CO)[C@@H](O)[C@@H]1O,0
1348,Cl.Cl.N=C(N)c1ccc(OCCCCCOc2ccc(C(=N)N)cc2)cc1,0
1015,O=C(O)c1nn(Cc2ccc(Cl)cc2Cl)c2ccccc12,0
768,O=c1ccc2cc(O[C@@H]3O[C@H](CO)[C@@H](O)[C@H](O)[C@@H]3O)c(O)cc2o1,0
1910,CCOc1ccc(Cc2nccc3cc(OCC)c(OCC)cc23)cc1OCC.Cl,1
761,CC(C)[C@H](C(=O)Nc1ccc(C(=O)NO)cc1)c1ccccc1,0
1246,Oc1cc(O)cc(/C=C/c2ccc(O)c(O)c2)c1,0
1203,NC(=O)c1cccc(-c2cc(Nc3ccc(OC(F)(F)F)cc3)ncn2)c1,0
1421,COC(=O)CCc1ccc(OCC(O)CNC(C)C)cc1.Cl,0
1912,COc1ccc(CC2NCC(O)C2OC(C)=O)cc1,1
521,COc1ccccc1OCC(O)CN1CCN(CC(=O)Nc2c(C)cccc2C)CC1,0
22,Nc1cccc2c1CN(C1CCC(=O)NC1=O)C2=O,0
356,O=C(NC1CCNCC1)c1n[nH]cc1NC(=O)c1c(Cl)cccc1Cl,0
1277,O=C([O-])P(=O)([O-])[O-].[Na+].[Na+].[Na+],0
1312,C=CC[C@@]1(O)CC[C@H]2[C@@H]3CCC4=CC(=O)CCC4=C3C=C[C@@]21C,0
1626,Cc1ccc2nc(NC(=O)CSc3nc4c(c(=O)n3-c3ccccc3)SCC4)sc2c1,0
340,CC(=O)Nc1nc(C)c(-c2ccc(Cl)c(S(=O)(=O)NCCO)c2)s1,0
431,NC(=O)N/N=C/c1ccc([N+](=O)[O-])o1,0
473,CN1C(C(=O)Nc2ccccn2)=C(O)c2ccccc2S1(=O)=O,0
217,CN1C[C@@H]2c3ccccc3Oc3ccc(Cl)cc3[C@H]2C1.O=C(O)/C=C\C(=O)O,0
911,CN1CCN(C2=Nc3cc(Cl)ccc3Nc3ccccc32)CC1,0
1227,Br.Cc1ccc(C(=O)Cn2c3c(sc2=N)CCCC3)cc1,0
1542,C=CCN1CCCC1CNC(=O)c1cc2nn[nH]c2cc1OC.Cl,0
1011,COC1=C(OC)C(=O)C(CCCCCCCCCCO)=C(C)C1=O,0
1878,CCNC(=O)Nc1ccc(-c2nc3c(c(N4CCOC[C@@H]4C)n2)CCN(C2COC2)C3)cc1,0
93,CN1N=C(N)c2cn([C@H]3O[C@H](CO)[C@@H](O)[C@H]3O)c3ncnc1c23,0
1008,COc1ccc2c(c1)c(CC(=O)OCC(=O)O)c(C)n2C(=O)c1ccc(Cl)cc1,0
1070,CN(C)Cc1ccc(S(=O)(=O)n2ccc(/C=C/C(=O)NO)c2)cc1,0
1092,COc1cc(OC2CCN(C)CC2)ccc1Nc1ncc2c(n1)n(C1CCCC1)c(=O)n2C,0
1532,Cl.N[C@H]1C[C@@H]1c1ccccc1,0
1308,C#C[C@@]1(OC(C)=O)CC[C@H]2[C@@H]3CCC4=C[C@@H](OC(C)=O)CC[C@@H]4[C@@H]3CC[C@@]21C,0
696,COc1ccccc1N1CCN(CC(O)COc2cccc3ccccc23)CC1,0
1730,Cc1cc(OCc2nnc(SC3CCCC3)n2-c2cccnc2)ccc1-c1ccc(S(C)(=O)=O)cc1,0
996,CCOC(=O)[C@H](CCc1ccccc1)N[C@@H](C)C(=O)N1Cc2ccccc2C[C@H]1C(=O)O.Cl,0
153,CNC(=O)c1ccc2cc(C3(O)CCn4cncc43)ccc2c1,0
1099,Cc1ccc(NC(=O)c2cccc(C(C)(C)C#N)c2)cc1Nc1ccc2ncn(C)c(=O)c2c1,0
1666,N#Cc1ccc2[nH]c(O)c(-c3ccc(CN4CCOCC4)cn3)c2c1,1
1926,Nc1ncc(C(=O)NC2CN(C(=O)C3CC3)C2)c2ccc(-c3cccc(F)c3)nc12,1
789,O=c1cccc2n1C[C@@H]1CNC[C@H]2C1,0
580,CC(=O)[C@@H]1CC[C@H]2[C@@H]3CC=C4C[C@@H](O)CC[C@]4(C)[C@@H]3CC[C@]12C,0
703,Cc1c(C(=O)Nc2ccc(N3C[C@@H](C)O[C@@H](C)C3)nc2)cccc1-c1ccc(OC(F)(F)F)cc1,0
1212,COc1ccc2c(c1)c(C1=C(c3c[nH]c4ccccc34)C(=O)NC1=O)cn2CCCN(C)C,0
1295,Cc1cc(C)nc(NS(=O)(=O)c2ccc(N)cc2)n1,0
1610,C[C@H]1CCC/C=C/[C@@H]2C[C@H](O)C[C@H]2[C@H](O)/C=C/C(=O)O1,0
1260,O=C(O)CCC(=O)O.O=C(O[C@H]1CN2CCC1CC2)N1CCc2ccccc2[C@@H]1c1ccccc1,0
487,Cc1cnc(NC(=O)C2=C(O)c3ccccc3S(=O)(=O)N2C)s1,0
559,C[C@@H]1CN(c2c(F)c(N)c3c(=O)c(C(=O)O)cn(C4CC4)c3c2F)C[C@H](C)N1,0
1141,CC(NC(=O)c1ccccc1/N=C/c1c(O)ccc2ccccc12)c1ccccc1,0
1119,COC(=O)Nc1nc2ccc(C(=O)c3cccs3)cc2[nH]1,0
801,CC(C)=CCC[C@](C)(O[C@@H]1O[C@H](CO[C@@H]2OC[C@@H](O)[C@H](O)[C@@H]2O)[C@@H](O)[C@H](O)[C@@H]1O)[C@@H]1CC[C@]2(C)[C@@H]1[C@H](O)C[C@H]1[C@@]3(C)CC[C@H](O[C@@H]4O[C@H](CO)[C@@H](O)[C@H](O)[C@@H]4O)C(C)(C)[C@@H]3CC[C@]12C,0
512,CCc1cc(C(N)=S)ccn1,0
633,O=c1ccn([C@@H]2O[C@H](CO)[C@@H](O)[C@@H]2O)c(=O)[nH]1,0
1427,CC(C)/N=c1/cc2n(-c3ccc(Cl)cc3)c3ccccc3nc-2cc1Nc1ccc(Cl)cc1,0
1820,CC(C)(C)c1cc(C(=O)/C(C#N)=N/Nc2cccc(Cl)c2)no1,0
1492,Nc1nccs1,0
1150,CC(C)(C)c1cc(/C=C(\C#N)C(N)=S)cc(C(C)(C)C)c1O,0
790,C[C@H]1[C@H](O)O[C@H]2O[C@@]3(C)CC[C@H]4[C@@H](C)CC[C@@H]1[C@@]24OO3,0
116,CCCS(=O)(=O)Nc1ccc(F)c(C(=O)c2c[nH]c3ncc(Cl)cc23)c1F,0
740,FC(F)(F)c1ccc(/C=C/c2nc(COc3ccc(CCCCn4ccnn4)cc3)co2)cc1,0
1650,O=C(NNc1nc2cc(F)ccc2n2cccc12)c1cnccn1,0
1081,CN(C)C(=O)[C@H](O)[C@H](Cc1ccccc1)NC(=O)c1cc2cc(Cl)ccc2[nH]1,0
830,O=C(CCc1ccc(O)cc1)c1c(O)cc(O)cc1O,0
119,Cc1ccc(S(=O)(=O)OCC(=O)Nc2ccc(C(=O)O)c(O)c2)cc1,0
656,CC[C@H](C)C(=O)O[C@@H]1C[C@@H](C)C=C2C=C[C@H](C)[C@@H](CC[C@@H]3C[C@@H](O)CC(=O)O3)[C@H]21,0
1838,Br.COc1cc(Br)c(Nc2nc(-c3c(C)nc4ncccn34)cs2)c(Br)c1,0
635,Clc1ccc(C(Cn2ccnc2)OCc2ccc(Sc3ccccc3)cc2)c(Cl)c1.O=[N+]([O-])O,0
369,N#C[C@@H]1C[C@@H]2C[C@H]2N1C(=O)[C@@H](N)C12CC3CC(CC(O)(C3)C1)C2,0
268,C[C@]12CCC(=O)C=C1[C@@H]1C[C@@H]1[C@H]1[C@@H]3[C@@H]4C[C@@H]4[C@]4(CCC(=O)O4)[C@@]3(C)CC[C@H]12,0
655,CN(Cc1cc(Br)cc(Br)c1N)C1CCCCC1.Cl,0
935,Cc1cc(C(C)(C)C)c(O)c(C)c1CC1=NCCN1.Cl,0
822,COc1ccc(-c2cc(=O)c3c(OC)c(OC)c(OC)c(OC)c3o2)cc1OC,0
866,O=C1Nc2ccccc2/C1=C1/Nc2ccccc2C1=O,0
46,O=C(c1cc(Cc2n[nH]c(=O)c3ccccc23)ccc1F)N1CCN(C(=O)C2CC2)CC1,0
1373,O=C([O-])c1cc(/N=N/c2ccc(O)c(C(=O)[O-])c2)ccc1O.[Na+].[Na+],0
1651,COc1cc(-c2ncn(/C=C\C(=O)OC(C)C)n2)cc(C(F)(F)F)c1,0
991,CCCCNc1ccc(C(=O)OCCN(C)C)cc1.Cl,0
876,COc1cc2c(cc1OC)-c1cc3ccc(OC)c(OC)c3c[n+]1CC2.[Cl-],0
773,OC[C@H]1O[C@@H](Oc2ccc(O)cc2)[C@H](O)[C@@H](O)[C@@H]1O,0
1219,O=C(O)CNC(=O)c1c(O)c2ccccc2n(Cc2ccccc2)c1=O,0
1928,CN1CCN(Cc2ccc(-c3cnc4[nH]cc(-c5ccc6[nH]ccc6c5)c4c3)cc2)CC1,1
4,CNC(=O)c1ccccc1Sc1ccc2c(/C=C/c3ccccn3)n[nH]c2c1,0
1003,Cc1ccccc1C(=O)Nc1ccc(C(=O)N2CCCC(O)c3cc(Cl)ccc32)c(C)c1,0
1664,Cc1ccc(S(=O)(=O)c2ccc([N+](=O)[O-])o2)cc1,0
263,Cn1c(N2CCCCS2(=O)=O)nc(C(=O)NCc2ccc(F)cc2)c(O)c1=O,0
1516,Cc1cccc(C)c1OCC(C)N.Cl,0
1766,CN(C)C(=O)Nc1cccc(-c2ccc(N(C)C)cc2)c1,0
443,COC(=O)C1=C(C)NC(C)=C(C(=O)OC(C)C)C1c1cccc2nonc12,0
1002,CCc1ccc(CCOc2ccc(CC3SC(=O)NC3=O)cc2)nc1,0
1077,CNC(=O)c1c(F)cccc1Nc1nc(Nc2cc3c(cc2OC)CCN3C(=O)CN(C)C)nc2[nH]ccc12,0
837,OCc1ccccc1O[C@@H]1O[C@H](CO)[C@@H](O)[C@H](O)[C@H]1O,0
1728,CN1CCC(NC(=O)C2=CC(=C3C(O)=CC(=O)C=C3Oc3ccc([N+](=O)[O-])cc3)ON2)CC1,0
304,C[C@@H](c1ncncc1F)[C@](O)(Cn1cncn1)c1ccc(F)cc1F,0
1365,Cc1c(-c2ccccc2)oc2c(C(=O)OCCN3CCCCC3)cccc2c1=O.Cl,0
1543,N#C/C(=C1/SC[C@@H](c2ccc(Cl)cc2Cl)S1)n1ccnc1,0
313,COc1ccc(C2(C#N)CCC(C(=O)O)CC2)cc1OC1CCCC1,0
149,C[C@@]12CC[C@H]3c4ccc(O)cc4C[C@@H](CCCCCCCCCS(=O)CCCC(F)(F)C(F)(F)F)[C@H]3[C@@H]1CC[C@@H]2O,0
1148,O=C(O)/C=C\C(=O)O.O=C(c1ccc(OCCCc2c[nH]cn2)cc1)C1CC1,0
1213,c1ccc(NCc2ccc(CNc3ccccn3)cc2)nc1,0
574,CCOC(=O)C1=C(COCCN)NC(C)=C(C(=O)OC)C1c1ccccc1Cl,0
50,N#C/C(=C(/N)Sc1ccc(N)cc1)c1ccccc1C(F)(F)F,0
1885,CC(C)(C#N)c1ccc(N2C(=O)OCc3cnc4ccc(-c5cnc6ccccc6c5)cc4c32)cc1,0
726,CC(C)c1cc(C(C)C)c(CC(=O)NS(=O)(=O)Oc2c(C(C)C)cccc2C(C)C)c(C(C)C)c1,0
833,O=c1c(-c2ccc(O)cc2)coc2c(O[C@@H]3O[C@H](CO)[C@@H](O)[C@H](O)[C@H]3O)c(O)ccc12,0
1377,CN(C)CCC(c1ccccc1)c1ccccn1.O=C(O)/C=C\C(=O)O,0
1115,O=C(O)[C@]1(Cc2cccc(Nc3nccs3)n2)CC[C@@H](Oc2cccc(Cl)c2F)CC1,0
1166,Cn1nc(C(C)(C)C)cc1C(=O)N[C@@H](Cc1cccc(Cl)c1)C(=O)NCC#N,0
470,NS(=O)(=O)c1cc2c(cc1Cl)NCNS2(=O)=O,0
971,CO/N=C(/C(=O)N[C@H]1C(=O)N2C(C(=O)O)=C(CSC(=O)c3ccco3)CS[C@H]12)c1csc(N)n1.Cl,0
653,Cc1cccc(N(C)C(=S)Oc2ccc3ccccc3c2)c1,0
399,NS(=O)(=O)c1cc(C(=O)O)c(NCc2ccco2)cc1Cl,0
511,CN(C)CCOc1ccc(/C(=C(/CCCl)c2ccccc2)c2ccccc2)cc1.O=C(O)CC(O)(CC(=O)O)C(=O)O,0
320,COc1c(N2C[C@@H]3CCCN[C@@H]3C2)c(F)cc2c(=O)c(C(=O)O)cn(C3CC3)c12.Cl,0
19,COc1cc2ncnc(Nc3ccc(F)c(Cl)c3)c2cc1OCCCN1CCOCC1,0
684,CNC[C@H](O)[C@@H](O)[C@H](O)[C@H](O)CO.Cc1c(Nc2ncccc2C(=O)O)cccc1C(F)(F)F,0
35,CO[C@H]1C[C@H]2CC[C@@H](C)[C@@](O)(O2)C(=O)C(=O)N2CCCC[C@H]2C(=O)O[C@H]([C@H](C)C[C@@H]2CC[C@H](OC(=O)C(C)(CO)CO)[C@H](OC)C2)CC(=O)[C@H](C)/C=C(\C)[C@@H](O)[C@@H](OC)C(=O)[C@H](C)C[C@H](C)/C=C/C=C/C=C/1C,0
902,Oc1ccc([C@H]2COc3cc(O)ccc3C2)cc1,0
827,O=C1CCC[C@@H]2[C@@H]3CCC[N+]4([O-])CCC[C@H](CN12)[C@@H]34,0
1734,Cc1cc(C)nc(NS(=O)(=O)c2ccc(NC(=S)NC(=O)COc3ccc(Br)cc3Cl)cc2)n1,0
407,CCN1CCN(C(=O)N[C@@H](C(=O)N[C@@H]2C(=O)N3C(C(=O)O)=C(CSc4nnnn4C)CS[C@H]23)c2ccc(O)cc2)C(=O)C1=O,0
920,Cc1ccc(NC(=O)c2ccc(CN3CCN(C)CC3)cc2)cc1Nc1nccc(-c2cccnc2)n1,0
537,Clc1ccc(CCC(Cn2ccnc2)Sc2c(Cl)cccc2Cl)cc1.O=[N+]([O-])O,0
758,O=C(CCCCCCC(=O)Nc1ccc([C@H]2O[C@@H](CSc3nc(-c4ccccc4)c(-c4ccccc4)o3)C[C@@H](c3ccc(CO)cc3)O2)cc1)NO,0
1062,O=c1[nH]c2ccc(Cl)cc2c(N[C@@H]2CN3CCC2CC3)c1-c1nc2ccccc2[nH]1,0
1199,O=S(=O)(c1ccccc1)c1cnc2c(N3CCNCC3)cccc2c1,0
245,CCOC(=O)Nc1ccc(NCc2ccc(F)cc2)nc1N.O=C(O)/C=C/C(=O)O,0
1416,CCCC(=O)O[C@@]1(C(=O)COC(C)=O)CC[C@H]2[C@@H]3C[C@H](F)C4=CC(=O)C=C[C@]4(C)[C@]3(F)[C@H](O)C[C@@]21C,0
1127,CNC(=O)c1cccc(-c2ccc3c(N4CCOC[C@@H]4C)nc(N4CCOC[C@@H]4C)nc3n2)c1,0
784,O=C(/C=C/c1ccc(O)c(O)c1)O[C@@H]1C[C@@](O)(C(=O)O)C[C@@H](O)[C@H]1O,0
1683,Cc1ccccc1C(C(=O)NC1CCCCC1)N(C(=O)Cn1ccnc1C)c1cccc(F)c1,0
489,COc1ccccc1OCC(O)COC(N)=O,0
154,C=C1C[C@@H]2[C@@H](CC[C@@]3(C)C(=O)CC[C@@H]23)[C@@]2(C)C=CC(=O)C=C12,0
961,COc1cc(OC)c(OC)cc1C=O,0
853,O=c1c2ccccc2oc2ccccc12,0
1311,CN1[C@@H]2CC[C@@H]1CC(OC(c1ccccc1)c1ccccc1)C2.CS(=O)(=O)O,0
625,CN1CCN2c3ncccc3Cc3ccccc3C2C1,0
685,CCOC(=O)[C@H](CCc1ccccc1)N[C@@H](C)C(=O)N1C(=O)N(C)C[C@@H]1C(=O)O,0
1871,Cl.NC(=O)c1cnc(N[C@@H]2CCCC[C@H]2N)nc1Nc1cccc(-n2nccn2)c1,0
569,CN1[C@@H]2CC[C@H]1CC(OC(=O)C1C=Nc3ccccc31)C2.Cl,0
1839,Cc1nc(N(C)C(=O)Cc2ccc(-c3ccccn3)cc2)sc1S(N)(=O)=O,0
17,CO[C@H]1C[C@H]2CC[C@@H](C)[C@@](O)(O2)C(=O)C(=O)N2CCCC[C@H]2C(=O)O[C@H]([C@H](C)C[C@@H]2CC[C@H](OP(C)(C)=O)[C@H](OC)C2)CC(=O)[C@H](C)/C=C(\C)[C@@H](O)[C@@H](OC)C(=O)[C@H](C)C[C@H](C)/C=C/C=C/C=C/1C,0
127,COc1ccc(S(=O)(=O)Nc2cccnc2Nc2ccc(O)cc2)cc1,0
1346,CC[C@@H](CO)NCCN[C@@H](CC)CO.Cl.Cl,0
1279,O=C1C(O)=C([C@H]2CC[C@H](c3ccc(Cl)cc3)CC2)C(=O)c2ccccc21,0
1897,COC(=O)C12CCC(C)(C)CC1C1C(=O)C=C3C4(C)C=C(C#N)C(=O)C(C)(C)C4CCC3(C)C1(C)CC2,0
927,Cl.Cl.O=C1c2c(O)ccc(O)c2C(=O)c2c(NCCNCCO)ccc(NCCNCCO)c21,0
980,O=c1ccc2ccc(O)c(O)c2o1,0
1893,CCCC(C)NC(=O)c1ccc(Cl)c(Cl)c1,0
190,COc1ccc2cccc(CCNC(C)=O)c2c1,0
1139,COc1cc(CCc2cc(NC(=O)c3ccc(N4C[C@@H](C)N[C@@H](C)C4)cc3)n[nH]2)cc(OC)c1,0
992,CN(C)[C@@H]1C(O)=C(C(N)=O)C(=O)[C@@]2(O)C(O)=C3C(=O)c4c(O)cccc4[C@@](C)(O)[C@H]3C[C@@H]12.Cl,0
1884,CN1CCc2c(c3ccccc3n2Cc2ccc(C(=O)NO)cc2)C1,0
1601,CCCCCCCCCCCC1=C(O)C(=O)C=C(O)C1=O,0
606,Cl.N=c1ccn2c(n1)O[C@@H]1[C@@H](O)[C@@H](CO)O[C@H]12,0
180,COc1ccc(-c2ccc3c(N4CCOCC4)nc(N4C[C@@H](C)O[C@@H](C)C4)nc3n2)cc1CO,0
301,CC1(C)O[C@@H]2[C@@H](CO[C@@]3(COS(N)(=O)=O)OC(C)(C)O[C@@H]23)O1,0
496,O=C(O)c1cccnc1,0
1920,CC1(C)C=CC(=O)C2(C)C1CC(=O)C1(C)C2CCC2(C)C(c3ccoc3)OC(=O)C3OC321,1
1652,Cc1ccccc1CN1C2=NCCN2C(=O)C2=C1CCN(Cc1ccccc1)C2,0
1606,Cc1cc(-c2ccc(CC(=O)Nc3ccc(-c4cccnc4)cc3)cc2)ccn1,0
1583,CCc1c2c(nc3ccc(O)cc13)-c1cc3c(c(=O)n1C2)COC(=O)[C@]3(O)CC,0
517,CO[C@H]1/C=C/O[C@]2(C)Oc3c(C)c(O)c4c(O)c(c5c(nc6cc(C)ccn65)c4c3C2=O)NC(=O)/C(C)=C\C=C\[C@@H](C)[C@H](O)[C@H](C)[C@@H](O)[C@@H](C)[C@H](OC(C)=O)[C@@H]1C,0
1913,COC1C=CC23c4cc5c(cc4CN(CC2O)C3C1)OCO5,1
1069,Cc1cnc(Nc2ccc(N3CCN(C)CC3)cc2)nc1Nc1cccc(S(=O)(=O)NC(C)(C)C)c1,0
476,COc1ccc(Cl)cc1C(=O)NCCc1ccc(S(=O)(=O)NC(=O)NC2CCCCC2)cc1,0
157,Nc1nc(Cl)nc2c1ncn2[C@H]1C[C@H](O)[C@@H](CO)O1,0
1243,CCCCOc1ccc(CC(=O)NO)cc1,0
1195,Cc1ccc(Sc2cncc3sc(C(N)=O)cc23)cc1,0
16,Cc1nc(Nc2ncc(C(=O)Nc3c(C)cccc3Cl)s2)cc(N2CCN(CCO)CC2)n1,0
1535,CCC(=O)c1c(O)cc(O)cc1O,0
1072,Cc1c(CN2CCN(C(=O)[C@H](C)O)CC2)sc2c(N3CCOCC3)nc(-c3cnc(N)nc3)nc12,0
1900,COC(=O)C1(O)CC2OC1(C)n1c3ccccc3c3c4c(c5c6ccccc6n2c5c31)C(=O)NC4,1
546,O=c1c(-c2ccc(O)cc2)coc2cc(O)ccc12,0
658,CNC1CCCN(c2c(F)cc3c(=O)c(C(=O)O)cn(C4CC4)c3c2OC)C1,0
1571,CC(CN1c2ccccc2Sc2ccccc21)N(C)C.Cl,0
1019,NC[C@H](O)c1ccc(O)c(O)c1.O.O=C(O)[C@H](O)[C@@H](O)C(=O)O,0
1607,C=CC(=O)Nc1ccc2ncnc(Nc3cccc(Br)c3)c2c1,0
1504,CCOC(=O)c1ccc(N)cc1,0
959,Cc1cc(C2CCCCC2)n(O)c(=O)c1,0
1814,Cc1cc(N2CCOCC2)ccc1Nc1nc(NC2CCCCC2)c2[nH]cnc2n1,0
283,C=CC[N+]1([C@H]2C[C@H]3[C@@H]4CC[C@H]5C[C@H](O)[C@@H](N6CCOCC6)C[C@]5(C)[C@@H]4CC[C@]3(C)[C@@H]2OC(C)=O)CCCC1.[Br-],0
797,COc1cc(/C=C/C(=O)O)ccc1O,0
1572,CCN(CC)CCNC(=O)c1ccc(N)cc1.Cl,0
225,COCCOC(=O)C1=C(C)NC(C)=C(C(=O)OC/C=C/c2ccccc2)C1c1cccc([N+](=O)[O-])c1,0
26,Nc1ncnc2c1c(-c1cccc(OCc3ccccc3)c1)cn2[C@H]1C[C@@H](CN2CCC2)C1,0
1708,CCOC(=O)c1ccc(NC2CCCCC2)c(N)c1,0
437,Oc1ccc(OCc2ccccc2)cc1,0
1877,CC(C)NCCCn1c(Sc2cc3c(cc2I)OCO3)nc2c(N)ncnc21,0
1388,CCCN1CCCC[C@H]1C(=O)Nc1c(C)cccc1C.Cl,0
229,O=c1[nH]c(=O)n([C@H]2CCCO2)cc1F,0
37,COc1cc2c(Nc3ccc(Br)cc3F)ncnc2cc1OCC1CCN(C)CC1,0
749,Cc1ccccc1-n1c(Cn2nc(-c3cccc(O)c3)c3c(N)ncnc32)nc2cccc(C)c2c1=O,0
1045,CNC(=O)Nc1ccc(-c2nc(N3CC4CCC(C3)O4)c3cnn(C4CCC5(CC4)OCCO5)c3n2)cc1,0
1398,Nc1ccc(C(=O)[O-])c(O)c1.[Na+],0
469,Nc1ccn([C@@H]2CS[C@H](CO)O2)c(=O)n1,0
1635,COc1ccc(CCC(=O)Nc2nc3ccc(Cl)cc3s2)cc1OC,0
1896,O=C1C(Cl)=C(N2CCOCC2)C(=O)N1c1ccc(Cl)c(Cl)c1,0
687,CCCCc1oc2ccc(NS(C)(=O)=O)cc2c1C(=O)c1ccc(OCCCN(CCCC)CCCC)cc1.Cl,0
1779,CC(NC(=O)[C@H](Cc1ccccc1)NC(=O)OCc1ccccc1)C(=O)CF,0
639,CCOc1nc2cccc(C(=O)OC(C)OC(=O)OC3CCCCC3)c2n1Cc1ccc(-c2ccccc2-c2nnn[nH]2)cc1,0
1655,N#CSc1cc(SC#N)c(N)nc1N,0
1218,CC(C)c1ccc(NC(=O)Cn2cnc3c2c(=O)n(C)c(=O)n3C)cc1,0
1158,COc1ccc(CNCc2cccc3ccccc23)cc1.Cl,0
1415,CCCCOc1ccc(OCCCN2CCOCC2)cc1.Cl,0
1527,COc1c2ccoc2cc2oc(=O)ccc12,0
1600,O=[N+]([O-])c1ccc2c(c1)S(=O)(=O)C=C2,0
1300,Br.NC(=O)C(c1ccccc1)(c1ccccc1)[C@@H]1CCN(CCc2ccc3c(c2)CCO3)C1,0
1759,Cc1ccc(NCCCc2ccccc2)c(N)c1,0
800,CN(C)Cc1c[nH]c2ccccc12,0
160,C[C@]12C=CC(=O)N[C@@H]1CC[C@@H]1[C@H]2CC[C@]2(C)[C@H](C(=O)Nc3cc(C(F)(F)F)ccc3C(F)(F)F)CC[C@@H]12,0
956,O=C1NC(=O)C(c2ccccc2)(c2ccccc2)N1,0
1186,Nc1nc(N)c2nc(-c3cccc(O)c3)cnc2n1,0
821,COc1cc(O)cc([C@@H]2CC(=O)c3c(O)cc(O[C@@H]4O[C@H](CO)[C@@H](O)[C@H](O)[C@@H]4O[C@@H]4O[C@@H](C)[C@H](O)[C@@H](O)[C@@H]4O)cc3O2)c1,0
1625,Cc1cc(Nc2ncc(Cl)c(Nc3ccccc3S(=O)(=O)C(C)C)n2)c(OC(C)C)cc1C1CCNCC1,0
877,O=C1c2c(O)cc(O)cc2O[C@H](c2cc(O)c(O)c(O)c2)[C@H]1O,0
913,O=c1[nH]c2ccccc2n1CCCN1CCC(n2c(=O)[nH]c3cc(Cl)ccc32)CC1,0
152,C#Cc1cccc(Nc2ncnc3cc(OC)c(OCCCCCCC(=O)NO)cc23)c1,0
1816,COc1ccc(-n2c(SCCCN3C(=O)c4cccc5cccc(c45)C3=O)nnc2-c2ccncc2)cc1,0
1823,CC(Oc1cc(-c2cnn(C3CCNCC3)c2)cnc1N)c1c(Cl)ccc(F)c1Cl,0
509,CN(C)CC/C=C1\c2ccccc2Sc2ccc(Cl)cc21,0
1135,CC(C)OC(=O)[C@H](C)N[P@](=O)(OC[C@H]1O[C@@H](n2ccc(=O)[nH]c2=O)[C@](C)(F)[C@@H]1O)Oc1ccccc1,0
1250,Cc1cc2c(cc1CC(=O)c1sccc1S(=O)(=O)[N-]c1onc(C)c1Cl)OCO2.[Na+],0
1608,CC(=O)N1CCN(CCOc2ccc(C3CCN(C4=Nn5c(nnc5C(F)(F)F)CC4)CC3)cc2)CC1,0
103,O=C(Nc1c[nH]nc1-c1nc2cc(CN3CCOCC3)ccc2[nH]1)NC1CC1,1
1445,CC(C)NCC(O)c1ccccc1Cl.Cl,0
1443,OC[C@H](O)CN1CCN(c2ccccc2)CC1,0
586,C=CCc1cc(OC)c(O)c(C(=O)NCCO)c1,0
1706,O=C(Nc1cccc(C(F)(F)F)c1)Nc1cc(S(=O)(=O)NC2CC2)ccc1-c1ccsc1,0
1143,CC(C)(C)c1nc(-c2cccc(NS(=O)(=O)c3c(F)cccc3F)c2F)c(-c2ccnc(N)n2)s1,0
53,CCNC(=O)c1noc(-c2cc(C(C)C)c(O)cc2O)c1-c1ccc(CN2CCOCC2)cc1,0
151,O=C1CCC(N2C(=O)c3ccccc3C2=O)C(=O)N1,0
403,CN(C)CCc1c[nH]c2ccc(Cn3cncn3)cc12.O=C(O)c1ccccc1,0
1872,CCOc1cc([C@@H](CS(C)(=O)=O)N2C(=O)c3cccc(NC(C)=O)c3C2=O)ccc1OC,0
207,COC(=O)Nc1ccc(-c2nc(N3CCOCC3)c3cnn(C4CCN(C(=O)OC)CC4)c3n2)cc1,0
1827,O=C(O)CC1CC(c2ccccc2)=NO1,0
1122,O=C(NCC1CCOCC1)c1cnc(Nc2ccc(Cl)cc2Cl)nc1C(F)(F)F,0
1690,c1ccc(CNc2nc(NCc3ccccc3)c3ccccc3n2)cc1,0
8,COC(=O)c1ccc2c(c1)NC(=O)/C2=C(\Nc1ccc(N(C)C(=O)CN2CCN(C)CC2)cc1)c1ccccc1,0
1014,CC(=O)OCC(=O)[C@]12OC(C)(C)O[C@@H]1C[C@H]1[C@@H]3C[C@H](F)C4=CC(=O)C=C[C@]4(C)[C@]3(F)[C@H](O)C[C@@]12C,0
1733,Cc1ccc(C(=O)NCCCCCC(=O)Nc2ccccc2N)cc1,0
1060,O=C1NC(=O)/C(=C/c2ccc3c(c2)OC(F)(F)O3)S1,0
452,CCC(C)(C)c1ccc(CC(C)CN2C[C@@H](C)O[C@@H](C)C2)cc1.Cl,0
253,Cc1c(OCC(F)(F)F)ccnc1CS(=O)c1nc2ccccc2[nH]1,0
1327,CNc1ncnc2c1ncn2[C@@H]1O[C@H](CO)[C@@H](O)[C@H]1O,0
896,CNCC(O)c1ccc(O)cc1.Cl,0
1674,CNC(=O)[C@H](Cc1c[nH]c2ccccc12)NC(=O)[C@@H](CC(=O)NO)CC(C)C,0
880,O=C(/C=C/c1ccc(O)cc1)c1ccc(O)cc1O,0
1595,CN[C@@H](C)C(=O)N[C@H](C(=O)N1CCC[C@H]1C(=O)Nc1snnc1-c1ccccc1)C1CCCCC1,0
1821,Cc1cc(C)c(S(=O)(=O)n2cc(C)cc2C)c(C)c1,0
623,CCCCOc1c(C(=O)c2c(F)cc(C)cc2F)cnc2[nH]ncc12,0
345,COc1c(C)c2c(c(O)c1C/C=C(\C)CCC(=O)OCCN1CCOCC1)C(=O)OC2,0
1645,O=c1ncccn1[C@@H]1O[C@H](CO)[C@H](O)[C@@H]1O,0
262,C/C(=C\c1csc(C)n1)[C@H]1C[C@@H]2O[C@]2(C)CCC[C@H](C)[C@H](O)[C@@H](C)C(=O)C(C)(C)[C@H](O)CC(=O)O1,0
1321,CC1CCc2cc(F)cc3c(=O)c(C(=O)O)cn1c23,0
1438,CC[C@H]1OC(=O)C[C@@H](O)[C@H](C)[C@@H](O[C@@H]2O[C@@H](C)[C@@H](O)[C@H](N(C)C)[C@H]2O)[C@@H](CCN2C[C@H](C)C[C@@H](C)C2)C[C@@H](C)C(=O)/C=C/C(C)=C/[C@H]1CO[C@@H]1O[C@@H](C)[C@@H](O)[C@@H](OC)[C@H]1OC,0
150,Cc1nc2ccc(CN(C)c3ccc(C(=O)N[C@@H](CCC(=O)O)C(=O)O)s3)cc2c(=O)[nH]1,0
472,O=C(O)c1ccc(-n2nc(-c3ccccc3O)nc2-c2ccccc2O)cc1,0
640,CS(=O)(=O)O.Cc1ccc(N(CC2=NCCN2)c2cccc(O)c2)cc1,0
1911,CC1CC(C)C(=O)C(C(O)CC2CC(=O)NC(=O)C2)C1,1
1815,CCOC(=O)c1[nH]c2cc(Cl)ccc2c1C(C(=O)NC(C)(C)C)N(C=O)Cc1ccc(Cl)cc1,0
550,CC/C(=C(/CC)c1ccc(O)cc1)c1ccc(O)cc1,0
928,Cl.N=C(N)NC(=N)N1CCOCC1,0
488,O=S(=O)([O-])CCS.[Na+],0
1818,Cc1cc(C)c(-c2csc(NC(=O)c3ccccc3)n2)c(C)c1,0
1171,COc1ccc2c(c1)c(CC(=O)N1CCOCC1)c(C)n2C(=O)c1ccc(Cl)cc1,0
146,CC(C)(C#N)c1cc(Cn2cncn2)cc(C(C)(C)C#N)c1,0
1647,CC(=O)Nc1nc2c(Oc3cc(-c4ccc(C(F)(F)F)cc4)ncn3)cccc2s1,0
1858,O=C(O)CCc1ccc(NCc2cccc(Oc3ccccc3)c2)cc1,0
402,Clc1ccccc1C(c1ccccc1)(c1ccccc1)n1ccnc1,0
954,CNC[C@H](O)c1ccc(O)c(O)c1,0
1810,NC(=S)NN=Cc1ncccc1N,0
659,O=C(CS(=O)Cc1ccco1)NC/C=C\COc1cc(CN2CCCCC2)ccn1,0
1372,C#C[C@]1(O)CC[C@H]2[C@@H]3CCC4=CC(=O)CC[C@@H]4[C@@H]3CC[C@@]21C,0
463,C[C@]12CCC(=O)C=C1CC[C@@H]1[C@H]2[C@H](O)C[C@@]2(C)[C@H]1CC[C@@]2(O)C(=O)CO,0
1349,Nc1nc(CC(=O)Nc2ccc(CCNC[C@H](O)c3ccccc3)cc2)cs1,0
186,CC(C)(C)c1cc(C=C(C#N)C#N)cc(Br)c1O,0
1147,CC(=O)O.Cc1cc2c(C(C)C)c(O)c(O)c(C=O)c2c(O)c1-c1c(C)cc2c(C(C)C)c(O)c(O)c(C=O)c2c1O,0
1224,Cc1cc(C)c2c(c1)[C@@H](N(Cc1cc(C(F)(F)F)cc(C(F)(F)F)c1)c1nnn(C)n1)CCCN2C[C@H]1CC[C@H](C(=O)O)CC1,0
608,O=C1CCc2ccc(OCCCCN3CCN(c4cccc(Cl)c4Cl)CC3)cc2N1,0
143,CC(C)(C)OC(=O)N[C@H]1CCCCC/C=C\[C@@H]2C[C@@]2(C(=O)NS(=O)(=O)C2CC2)NC(=O)[C@@H]2C[C@@H](OC(=O)N3Cc4cccc(F)c4C3)CN2C1=O,0
751,CC1=NN(c2ccc(C)c(C)c2)C(=O)/C1=N/Nc1cccc(-c2cccc(C(=O)O)c2)c1O,0
1534,Nc1c(CC(=O)[O-])cccc1C(=O)c1ccc(Br)cc1.[Na+],0
981,CC[C@H]1OC(=O)[C@H](C)[C@H](O[C@@H]2C[C@@](C)(OC)[C@@H](O)[C@H](C)O2)[C@H](C)[C@@H](O[C@@H]2O[C@H](C)C[C@H](N(C)C)[C@@H]2O)[C@](C)(OC)C[C@@H](C)C(=O)[C@H](C)[C@@H](O)[C@]1(C)O,0
197,C=C1[C@H](CO)[C@@H](O)C[C@@H]1n1cnc2c(=O)nc(N)[nH]c21.O,0
1633,Oc1ccc2ccccc2c1SSc1c(O)ccc2ccccc12,0
883,C=C1C[C@@]2(O)O[C@@]3(C[C@H]2C(C)C)[C@H](C)CC[C@@H]13,0
279,CCOc1cc2ncc(C#N)c(Nc3ccc(F)c(Cl)c3)c2cc1NC(=O)/C=C/CN(C)C,0
293,Cc1cc(Cl)ccc1OCCCC(=O)NO,0
1760,CC(C)N(CCCNC(=O)Nc1ccc(C(C)(C)C)cc1)C[C@H]1O[C@@H](n2ccc3c(N)ncnc32)[C@H](O)[C@@H]1O,0
400,CCCc1nc(C(C)(C)O)c(C(=O)OCc2oc(=O)oc2C)n1Cc1ccc(-c2ccccc2-c2nn[nH]n2)cc1,0
122,O=C(O)Cn1nnc(-c2cc(N3CCC(Oc4cc(F)ccc4Br)CC3)no2)n1,0
1207,Cn1cc(-c2[nH]c3cc(NC(=O)[C@H](N)C4CCCCC4)cc4c3c2C=NNC4=O)cn1,0
202,CCC(=O)NCC[C@@H]1CCc2ccc3c(c21)CCO3,0
1462,CCO.C[C@H]1c2cccc(O)c2C(=O)C2=C(O)[C@]3(O)C(=O)C(C(N)=O)=C(O)[C@@H](N(C)C)[C@@H]3[C@@H](O)[C@@H]21.C[C@H]1c2cccc(O)c2C(=O)C2=C(O)[C@]3(O)C(=O)C(C(N)=O)=C(O)[C@@H](N(C)C)[C@@H]3[C@@H](O)[C@@H]21.Cl.Cl.O,0
835,O=c1c2ccccc2nc2n1CCc1c-2[nH]c2ccccc12,0
246,COCCCC/C(=N\OCCN)c1ccc(C(F)(F)F)cc1.O=C(O)/C=C/C(=O)O,0
1439,CC(C)(C)NC[C@H](O)COc1nsnc1N1CCOCC1.O=C(O)/C=C/C(=O)O,0
1833,CCOc1cc(N2CCC(O)CC2)ccc1Nc1ncc2c(n1)N(C)c1ccccc1C(=O)N2C,0
1813,Cc1cc([N+](=O)[O-])ccc1NS(=O)(=O)c1cc(Cl)ccc1Cl,0
1153,Cc1c(C(=O)NN2CCCCC2)nn(-c2ccc(Cl)cc2Cl)c1-c1ccc(I)cc1,0
1661,CNCc1ccc(C)c(NC(=O)c2ccc(Nc3nc(-c4ccccc4)c4ccccc4n3)cc2)c1,0
1426,Cc1cc(C(C#N)c2ccc(Cl)cc2)c(Cl)cc1NC(=O)c1cc(I)cc(I)c1O,0
384,O=C(NOCC(O)CO)c1cc(Br)c(F)c(F)c1Nc1ccc(I)cc1F,0
1697,Cc1c(F)cc(C(=O)NC2CC2)cc1-c1ccc(C(=O)NCC(C)(C)C)cn1,0
854,COC(=O)[C@@H]1[C@H]2C[C@H]3c4[nH]c5ccccc5c4CCN3C[C@@H]2CC[C@@H]1O.Cl,0
1589,CC(C)(C)/[N+]([O-])=C/c1ccc(S(=O)(=O)[O-])cc1S(=O)(=O)[O-].[Na+].[Na+],0
219,Cl.OC(CCN1CCCCC1)(c1ccccc1)C1CC2C=CC1C2,0
641,CS(=O)(=O)Nc1ccc([N+](=O)[O-])cc1Oc1ccccc1,0
1,CN(C)CC[C@H](CSc1ccccc1)Nc1ccc(S(=O)(=O)NC(=O)c2ccc(N3CCN(Cc4ccccc4-c4ccc(Cl)cc4)CC3)cc2)cc1[N+](=O)[O-],0
112,CC(C)(C)c1cnc(CSc2cnc(NC(=O)C3CCNCC3)s2)o1,0
698,Cc1c(-c2ccc(O)cc2)n(Cc2ccc(OCCN3CCCCCC3)cc2)c2ccc(O)cc12.Cl,0
1845,CN[C@@H](C)C(=O)N[C@H](C(=O)N1CCC[C@H]1C(=O)N[C@H](C(=O)NCCCCCCNC(=O)[C@@H](NC(=O)[C@@H]1CCCN1C(=O)[C@@H](NC(=O)[C@H](C)NC)C1CCCCC1)C(c1ccccc1)c1ccccc1)C(c1ccccc1)c1ccccc1)C1CCCCC1,0
951,CNCCCC12CCC(c3ccccc31)c1ccccc12.Cl,0
1648,Nc1nccc2c1ncn2[C@@H]1C=C(CO)[C@@H](O)[C@@H]1O,0
1636,COc1cccc(-c2cc(F)ccc2[C@H]2Cc3nc(N)nc(C)c3C(=O)N2)n1,0
1689,O=C1Nc2cc(Br)ccc2/C1=C1/Nc2ccccc2/C1=N/O,1
1410,CN1CCN(C2=Nc3ccccc3Oc3ccc(Cl)cc32)CC1.O=C(O)CCC(=O)O,0
1409,CC(C)NC[C@H](O)COc1ccc(CCOCC2CC2)cc1.Cl,0
1533,COCCCN1CCC(NC(=O)c2cc(Cl)c(N)c3c2OCC3)CC1.O=C(O)CCC(=O)O,0
1291,Cc1ncc([N+](=O)[O-])n1CC(O)CCl,0
1745,CCn1c2ccccc2c2cc(Nc3ccnc(NCCCN4CCOCC4)n3)ccc21,0
441,C[C@H](N[C@@H](CCc1ccccc1)C(=O)O)C(=O)N1CCC[C@H]1C(=O)O.O.O,0
1520,O=C(O)CCc1nc(-c2ccccc2)c(-c2ccccc2)o1,0
1136,CCCCOc1ccc(C(=O)Nc2ccc(F)cc2F)cc1,0
1256,CS(=O)(=O)c1ccc(C2=C(c3ccccc3)C(=O)OC2)cc1,0
1798,CC(C)(C)c1ccc(-c2nc3ccccc3[nH]2)cc1,0
1631,CO[C@H]1C[C@@H]2CC[C@@H](C)[C@](O)(O2)C(=O)C(=O)N2CCCC[C@H]2C(=O)O[C@H]([C@H](C)C[C@@H]2CC[C@H](n3cnnn3)[C@H](OC)C2)CC(=O)[C@H](C)/C=C(\C)[C@@H](O)[C@@H](OC)C(=O)[C@H](C)C[C@H](C)/C=C/C=C/C=C/1C,0
1397,C[N+](C)(C)CCCCCCCCCC[N+](C)(C)C.[Br-].[Br-],0
663,CCOC(=O)c1c(C)n(C)c2ccc(O)cc12,0
1771,O=C(O)c1ccc(N2C(=O)C(=Cc3ccc(-c4ccc([N+](=O)[O-])cc4)o3)C=C2c2ccccc2)cc1,0
1257,COc1cc(/C=C/C(=O)N2CCN(CC(=O)N3CCCC3)CC2)cc(OC)c1OC.O=C(O)/C=C\C(=O)O,0
1711,O=C(/C=C\n1cnc(-c2cc(C(F)(F)F)cc(C(F)(F)F)c2)n1)NNc1cnccn1,0
317,O=C(NCc1ccccc1)c1csc(Nc2ccncn2)n1,0
648,CN1C(C(=O)Nc2ccccn2)=C(O)c2sc(Cl)cc2S1(=O)=O,0
1434,CC(C)CC(N)=O,0
1479,Nc1nc(=O)c2ncn(CCC(CO)CO)c2[nH]1,0
709,C[C@@H]1C(SC2CN(C3=NCCS3)C2)=C(C(=O)OCOC(=O)C(C)(C)C)N2C(=O)[C@H]([C@@H](C)O)[C@H]12,0
1382,CC(C)[C@H](N)C(=O)OCC(CO)OCN1C=NC2C(=O)NC(N)=NC21.Cl,0
1282,CCc1cc2c(cc1CC)CC(NC[C@H](O)c1ccc(O)c3[nH]c(=O)ccc13)C2.O=C(O)/C=C/C(=O)O,0
972,CN1[C@@H]2C[C@@H](O)C[C@H]1[C@@H]1O[C@@H]12,0
627,COc1ccc(C[C@H](C)NC[C@@H](O)c2ccc(O)c(NC=O)c2)cc1.COc1ccc(C[C@H](C)NC[C@@H](O)c2ccc(O)c(NC=O)c2)cc1.O=C(O)/C=C/C(=O)O,0
632,N#CC(c1ccc(Cl)cc1)c1c(Cl)cc(-n2ncc(=O)[nH]c2=O)cc1Cl,0
1306,CN(Cc1ccc(C(C)(C)C)cc1)Cc1cccc2ccccc12.Cl,0
1400,[O-][n+]1ccccc1[S-].[O-][n+]1ccccc1[S-].[Zn+2],0
1408,COc1ccc(CN2CCN(C(c3ccc(F)cc3)c3ccc(F)cc3)CC2)c(OC)c1OC.Cl.Cl,0
1248,CC(C)(OCc1nn(Cc2ccccc2)c2ccccc12)C(=O)O,0
1881,Cc1ccc2nc(NCCN)c3ncc(C)n3c2c1,0
1254,CNC[C@H](O)[C@@H](O)[C@H](O)[C@H](O)CO.CNC[C@H](O)[C@@H](O)[C@H](O)[C@H](O)CO.C[C@@H](O[C@H]1OCCN(Cc2nn(P(=O)(O)O)c(=O)[nH]2)[C@H]1c1ccc(F)cc1)c1cc(C(F)(F)F)cc(C(F)(F)F)c1,0
1496,COc1ccc(CCN(C)CCCC(C#N)(c2ccc(OC)c(OC)c2)C(C)C)cc1OC.Cl,0
1371,CC(=O)/N=c1\sc(S(N)(=O)=O)nn1C,0
1529,CCCCCCCCCCCCCCCC[N+](C)(C)C.[Br-],0
1663,O=C1CC(=O)c2c(Cl)c(Cl)c(Cl)c(Cl)c21,0
1354,O=S(=O)(O)NC1CCCCC1,0
1855,CS(=O)(=O)c1ccc(-c2cnc(N)c(C(=O)Nc3ccccc3)n2)cc1,0
1832,c1cn2cc(-c3ccc4cn[nH]c4c3)nc(Nc3ccc(N4CCOCC4)cc3)c2n1,0
1643,Cc1sc2c(c1C)C(c1ccc(Cl)cc1)=N[C@H](CC(=O)OC(C)(C)C)c1nnc(C)n1-2,0
1784,O=C(/C=C/c1ccc(O)c(O)c1)OCCc1ccccc1,0
795,O=c1c(O)c(-c2ccc(O)c(O)c2)oc2cc(O)ccc12,0
645,CN1CCC(=C2c3ccccc3C=Cc3ccccc32)CC1.Cl,0
1012,CC#C[C@@]1(O)CC[C@H]2[C@@H]3CCC4=CC(=O)CCC4=C3[C@H](c3ccc(N(C)C)cc3)C[C@@]21C,0
1775,CC(C)CC(NC(=O)C1OC1C(=O)O)C(=O)NCCCCN=C(N)N,0
556,CC(=O)OCC(=O)NCCCOc1cccc(CN2CCCCC2)c1.Cl,0
681,C#CCN[C@H]1CCc2ccccc21.CS(=O)(=O)O,0
577,CC(C)n1c(/C=C/[C@@H](O)C[C@@H](O)CC(=O)[O-])c(-c2ccc(F)cc2)c2ccccc21.[Na+],0
1109,Cc1ccc([C@@H]2O[C@H](CO)[C@@H](O)[C@H](O)[C@H]2O)cc1Cc1ccc(-c2ccc(F)cc2)s1,0
1266,Cc1cccc(C(C)c2c[nH]cn2)c1C.Cl,0
1722,O=C(Nc1cc(C(F)(F)F)ccc1N1CCCCC1)c1ccncc1,0
1183,NS(=O)(=O)c1ccc(NC(=O)Nc2ccc(F)cc2)cc1,0
524,CC(=O)OCC[N+](C)(C)C.[Cl-],0
1059,C=CC(=O)N1CCC[C@@H](n2nc(-c3ccc(Oc4ccccc4)cc3)c3c(N)ncnc32)C1,0
540,Oc1c(Cl)cc(Cl)c2cccnc12,0
1194,CC1=CC(=O)NS(=O)(=O)O1.[K],0
1678,COc1c(C)c(C(=O)c2ccc(N)c(C(=O)O[Na])c2)n2ccccc12,0
748,CC[C@H](Nc1ncnc2[nH]cnc12)c1nc2cccc(F)c2c(=O)n1-c1ccccc1,0
1787,CN([C@@H](Cc1ccc(OS(=O)(=O)c2cccc3cnccc23)cc1)C(=O)N1CCN(c2ccccc2)CC1)S(=O)(=O)c1cccc2cnccc12,0
1430,Cc1onc(-c2c(Cl)cccc2Cl)c1C(=O)N[C@@H]1C(=O)N2[C@@H](C(=O)O[Na])C(C)(C)S[C@@H]12.O,0
484,CC1Cc2ccccc2N1NC(=O)c1ccc(Cl)c(S(N)(=O)=O)c1,0
95,COc1cc2nccc(Oc3ccc(NC(=O)C4(C(=O)Nc5ccc(F)cc5)CC4)cc3)c2cc1OC,0
1020,Cn1c(=O)c(F)c(Nc2ccc(I)cc2F)c2c(=O)n(C[C@@H](O)CO)cnc21,0
563,CN/C(=C/[N+](=O)[O-])NCCSCc1csc(CN(C)C)n1,0
1264,CCN(CCCc1ccccc1)CCCc1ccccc1.O=C(O)CC(O)(CC(=O)O)C(=O)O,0
742,CC(C)n1nc(-c2cc3cc(O)ccc3[nH]2)c2c(N)ncnc21,0
863,OCc1ccc(O[C@@H]2O[C@@H](CO)[C@@H](O)[C@H](O)[C@H]2O)cc1,0
1598,CC(C)(C)NS(=O)(=O)c1cncc(-c2cc(F)c3nc(N)nn3c2)c1,0
1714,COc1ccc(CCc2nc3cc(-c4c(C)noc4C)ccc3n2C[C@H](C)N2CCOCC2)cc1Cl,0
1484,CC1CC(OC(=O)C(O)c2ccccc2)CC(C)(C)C1,0
891,CC(C)(O)CC[C@@H](O)[C@](C)(O)[C@@H]1CC[C@@]2(O)C3=CC(=O)[C@@H]4C[C@@H](O)[C@@H](O)C[C@]4(C)[C@@H]3CC[C@]12C,0
1577,C/C(=C\c1ccc(C(=O)O)cc1)c1ccc2c(c1)C(C)(C)CCC2(C)C,0
1038,Cc1cc(OCCCS(C)(=O)=O)cc(C)c1-c1cccc(COc2ccc3c(c2)OC[C@H]3CC(=O)O)c1.Cc1cc(OCCCS(C)(=O)=O)cc(C)c1-c1cccc(COc2ccc3c(c2)OC[C@H]3CC(=O)O)c1.O,0
206,CCN(CC)CCCCNc1ncc2cc(-c3cc(OC)cc(OC)c3)c(NC(=O)NC(C)(C)C)nc2n1,0
392,COc1ccc2cc(-c3[nH]c(-c4ccc(S(C)=O)cc4)nc3-c3ccncc3)ccc2c1,0
794,CC1(C)[C@@H](O)CC[C@@]2(C)[C@H]1CC[C@]1(C)[C@H]2C(=O)C=C2[C@H]3C[C@@](C)(C(=O)O)CC[C@]3(C)CC[C@]21C,0
870,O=c1c(O)c(-c2ccc(O)c(O)c2)oc2cc(O)cc(O)c12,0
397,CC(C)[C@H](O)C(=O)N[C@@H](C)C(=O)N[C@H]1C(=O)N(C)CCc2ccccc21,0
766,O=C(O)CCCc1c[nH]c2ccccc12,0
1777,CC(C)C[C@H](NP(=O)(O)O[C@@H]1O[C@@H](C)[C@H](O)[C@@H](O)[C@H]1O)C(=O)N[C@@H](Cc1c[nH]c2ccccc12)C(=O)O.[Na][Na],0
1241,Cc1c(C(=O)NN2CCCCC2)nn(-c2ccc(Cl)cc2Cl)c1-c1ccc(Cl)cc1,0
1028,Cc1cnc(NC(=O)Nc2cc(Br)c(C)cc2OC[C@@H]2CNCCO2)cn1,0
642,CCCCOc1ccc(C(=O)CCN2CCCCC2)cc1.Cl,0
1824,N#Cc1c(NC(=O)c2cccc3ccccc23)sc2c1CCCC2,0
612,C[C@@H]1C[C@H]2[C@@H]3CCC4=CC(=O)C=C[C@]4(C)[C@]3(Cl)[C@H](O)C[C@]2(C)[C@]1(OC(=O)c1ccco1)C(=O)CCl,0
1762,CCOC(=O)c1cnc2ccc(-c3cncc(NS(=O)(=O)c4ccccc4)c3)cn12,0
960,Cl.NCCc1ccc(O)c(O)c1,0
1570,Cl.OC(CCCN1CCCCC1)(c1ccccc1)c1ccccc1,0
725,Cc1cccc(-c2[nH]c(C(C)(C)C)nc2-c2ccc3c(c2)OCO3)n1,0
683,CCN1CCC[C@H]1CNC(=O)c1cc(S(N)(=O)=O)ccc1OC,0
98,Nc1ccccc1NC(=O)c1ccc(CNc2nccc(-c3cccnc3)n2)cc1,0
804,C=CCc1ccc(O)c(-c2ccc(O)c(CC=C)c2)c1,0
1751,O=C(NCc1ccc(Oc2ccccc2)cc1)c1nc(-c2cc(Br)c(O)c(Br)c2)no1,0
1597,Cc1nc2c(-c3cnc(N)nc3)nc(N3CCOCC3)nc2n1C(C)C,0
406,Cc1ccccc1N1C(=O)c2cc(S(N)(=O)=O)c(Cl)cc2NC1C,0
502,CC(C(=O)O)c1ccc(C(=O)c2cccs2)cc1,0
1071,CC(C)OC(=O)C1=CN(C(=O)c2ccc(F)c(F)c2)CC(C)(C)c2c1[nH]c1ccccc21,0
1056,O=C(Nc1ccccc1)Nc1ccc(-c2ccc(C(=O)[C@@H]3CCC[C@@H]3C(=O)O)cc2)cc1,0
929,COc1c(C)c2c(c(O)c1C/C=C(\C)CCC(=O)O)C(=O)OC2,0
779,O=C(O)[C@@H]1O[C@H](Oc2cc3oc(-c4ccccc4)cc(=O)c3c(O)c2O)[C@H](O)[C@@H](O)[C@@H]1O,0
200,CC[C@@H]([C@H](C)O)n1ncn(-c2ccc(N3CCN(c4ccc(OC[C@@H]5CO[C@@](Cn6cncn6)(c6ccc(F)cc6F)C5)cc4)CC3)cc2)c1=O,0
134,c1ccc2c(CCNc3ccc(Nc4ccncc4)cc3)c[nH]c2c1,0
1051,C[C@H]1CCO[C@H]2Cn3cc(C(=O)NCc4ccc(F)cc4F)c(=O)c(O)c3C(=O)N21,0
40,C[C@@H](N)[C@H]1CC[C@H](C(=O)Nc2ccncc2)CC1.Cl.Cl,0
1017,Nc1cc(C(Cl)=C(Cl)Cl)c(S(N)(=O)=O)cc1S(N)(=O)=O,0
230,O=P1(NCCCl)OCCCN1CCCl,0
1513,CCN1CCN(C(=O)N[C@@H](C(=O)N[C@H]2C(=O)N3[C@@H]2SC(C)(C)[C@H]3C(=O)[O-])c2ccccc2)C(=O)C1=O.[Na+],0
378,CCCCCCCCCCCCc1ccc(S(=O)(=O)Nc2nncs2)cc1,0
288,CC(=O)O[C@H]1C[C@@H]2CC[C@@H]3[C@@H](CC[C@]4(C)[C@H](OC(C)=O)[C@@H]([N+]5(C)CCCCC5)C[C@@H]34)[C@@]2(C)C[C@@H]1N1CCCCC1.[Br-],0
418,CC(=O)Oc1ccccc1C(=O)Nc1ncc([N+](=O)[O-])s1,0
1698,O=C(Nc1cc2cc[nH]c2cn1)c1ccccc1,0
391,O=C(O)c1cc(/N=N/c2ccc(S(=O)(=O)Nc3ccccn3)cc2)ccc1O,0
592,CCOC(=O)[C@H](CCc1ccccc1)N[C@@H](C)C(=O)N1CCC[C@H]1C(=O)O.O=C(O)/C=C\C(=O)O,0
1522,CC(=O)Nc1ncc([N+](=O)[O-])s1,0
1162,CNC(=O)c1ccc(N2C(=S)N(c3cnc(C#N)c(C(F)(F)F)c3)C(=O)C23CCC3)cc1F,0
1086,CCc1ccc(OCc2ccccc2C(=O)Nc2ccc3nc(C)cc(N)c3c2)cc1.Cl,0
1495,CS(=O)(=O)c1ccc([C@@H](O)[C@@H](CF)NC(=O)C(Cl)Cl)cc1,0
647,CCc1ccc(CCOc2ccc(CC3SC(=O)NC3=O)cc2)nc1.Cl,0
1152,CC(=O)Nc1ccc(C(=O)Nc2ccccc2N)cc1,0
1367,COS(=O)(=O)[O-].C[N+]1(C)CCC(=C(c2ccccc2)c2ccccc2)CC1,0
520,CC(C)OC(=O)C(C)(C)Oc1ccc(C(=O)c2ccc(Cl)cc2)cc1,0
64,O=C(/C=C/c1cccc(S(=O)(=O)Nc2ccccc2)c1)NO,0
14,CN1CCN(c2ccc3nc(-c4c(N)c5c(F)cccc5[nH]c4=O)[nH]c3c2)CC1,0
1180,Cc1ccc(S(=O)(=O)n2c(N)nc3ccccc32)cc1,0
1064,Cl.Cl.Fc1cc(-c2cccc3ncc(-c4cnn(C5CCNCC5)c4)nc23)cc(F)c1CN1CCOCC1,0
492,c1ccc2[nH]c(-c3cscn3)nc2c1,0
379,CCCNC(=O)Nc1ccc(Oc2ncnc3cc(OC)c(OC)cc23)cc1Cl,0
187,N#Cc1ccc(C(c2ccc(C#N)cc2)n2cncn2)cc1,0
763,O=C(O)c1ccc2c(c1)nc(Nc1cccc(Cl)c1)c1ccncc12,0
216,C[C@@H]1C(=O)O[C@@H]2O[C@@]3(C)CC[C@H]4[C@@H](C)CC[C@@H]1[C@@]24OO3,0
791,COc1ccc(-c2cc(=O)c3c(O)cc(O[C@@H]4O[C@H](CO[C@@H]5O[C@@H](C)[C@@H](O)[C@@H](O)[C@H]5O)[C@@H](O)[C@H](O)[C@H]4O)cc3o2)cc1O,0
1076,O=C(Cc1ccc(-c2ccc(OCCN3CCOCC3)cc2)cn1)NCc1ccccc1,0
878,O=C([O-])C(O)Cc1ccc(O)c(O)c1.[Na+],0
337,CCN1CCN(Cc2ccc(-c3cc4c(N[C@H](C)c5ccccc5)ncnc4[nH]3)cc2)CC1,0
1772,COc1cc(Br)c(Nc2nc(-c3c(C)nc4ncccn34)cs2)c(Br)c1,0
719,CN(C)Cc1ccc(-c2nc3cccc4c3n2CCNC4=O)cc1,0
1748,CCCCNc1ncc(C(=O)NCc2ccc(-n3ccnc3)cc2)c(N[C@H]2CC[C@H](O)CC2)n1,0
295,CCOc1cc(CC(=O)N[C@@H](CC(C)C)c2ccccc2N2CCCCC2)ccc1C(=O)O,0
1725,Cc1cc(Nc2ccc(NC(=O)c3ccc(Nc4ccnc5ccccc45)cc3)cc2)nc(N)n1,0
1016,OC[C@@H](O)[C@@H](O)[C@@H](O)CO,0
1275,CC(=O)O.CC(=O)O.CC[C@@H](C)C[C@@H](C)CCCCCCCCC(=O)N[C@H]1C[C@@H](O)[C@@H](NCCN)NC(=O)[C@@H]2[C@@H](O)CCN2C(=O)[C@@H]([C@@H](O)CCN)NC(=O)[C@H]([C@H](O)[C@@H](O)c2ccc(O)cc2)NC(=O)[C@@H]2C[C@@H](O)CN2C(=O)[C@H]([C@@H](C)O)NC1=O,0
1750,COc1ccc(-n2c(C)c([N+](=O)[O-])c3ccc(O)cc32)cc1,0
1485,O=C(O)c1cc(-c2ccccc2)nc2ccccc12,0
455,CCN(CC)C(=S)SSC(=S)N(CC)CC,0
1925,CN1CCC2=CC(O)C3OC(=O)c4cc5c(cc4C3C21)OCO5,1
815,CO.COc1ccc([C@@H]2CC(=O)c3c(O)cc(O[C@@H]4O[C@H](CO[C@@H]5O[C@H](C)[C@H](O)[C@@H](O)[C@H]5O)[C@@H](O)[C@H](O)[C@H]4O)cc3O2)cc1O,0
269,CC1=C(/C=C/C(C)=C\C=C\C(C)=C/C(=O)O)C(C)(C)CCC1,0
995,Cc1cn([C@H]2C[C@H](N=[N+]=[N-])[C@@H](CO)O2)c(=O)[nH]c1=O,0
201,CC(=O)Oc1cc2c(s1)CCN(C(C(=O)C1CC1)c1ccccc1F)C2,0
161,COc1ccc2[nH]cc(CCNC(C)=O)c2c1,0
1579,Cc1cc(NC(=O)c2cccc(NC(=O)/C=C/CN(C)C)c2)ccc1Nc1nccc(-c2cccnc2)n1,0
729,COc1cc(Nc2ncc(F)c(Nc3ccc4c(n3)NC(=O)C(C)(C)O4)n2)cc(OC)c1OC.O=S(=O)(O)c1ccccc1,0
401,C=CC1=C(C(=O)O)N2C(=O)[C@@H](NC(=O)/C(=N\O)c3csc(N)n3)[C@H]2SC1,0
702,CC(C)c1noc(N2CCC(COc3ccc(-c4ccc(S(C)(=O)=O)cc4)nc3)CC2)n1,0
1500,Cl.NCCS,0
1795,O=C(C=Cc1ccccc1)NC(NC(=S)Nc1ccc(Cl)cc1)C(Cl)(Cl)Cl,0
1129,COc1cc(NC(=O)c2ccc(-c3ccc(Cl)cc3)o2)cc(OC)c1,0
565,CCCCC(=O)N(Cc1ccc(-c2ccccc2-c2nn[nH]n2)cc1)[C@H](C(=O)O)C(C)C,0
1413,Cl.O=C1NCC2(CCN(CCc3ccccc3)CC2)O1,0
1021,CC(C)C[C@@H](C=O)NC(=O)[C@H](CC(C)C)NC(=O)[C@H](CC(C)C)NC(=O)OCc1ccccc1,0
1025,COC(=O)N1CCN(Cc2cccc(NC(=O)Nc3ccc(C)nc3)c2F)CC1,0
1411,C[C@@H]1C[C@H]2[C@@H]3C[C@H](F)C4=CC(=O)C=C[C@]4(C)[C@]3(F)[C@H](O)C[C@]2(C)[C@@]1(O)C(=O)CO,0
1585,Cl.NCc1c[nH]c(=S)n1[C@@H]1CCc2c(F)cc(F)cc2C1,0
1104,CNC(=O)c1nn(C)c2c1C(C)(C)Cc1cnc(Nc3ccc(N4CCN(C)CC4)cc3)nc1-2,0
205,NC(=O)[C@@H](CCC(F)(F)F)N(Cc1ccc(-c2ncon2)cc1F)S(=O)(=O)c1ccc(Cl)cc1,0
34,COc1cc2c(N3CCN(C(=O)Nc4ccc(OC(C)C)cc4)CC3)ncnc2cc1OCCCN1CCCCC1,0
775,C[C@@H]1[C@@H](OC(=O)CCC(=O)O)O[C@H]2O[C@@]3(C)CC[C@H]4[C@@H](C)CC[C@@H]1[C@@]24OO3,0
508,Nc1ccc(S(=O)(=O)Nc2ncccn2)cc1,0
1451,CCCc1ncc(C[n+]2ccccc2C)c(N)n1.Cl.[Cl-],0
1478,O=C(N/N=C/c1ccc([N+](=O)[O-])o1)c1ccc(O)cc1,0
1899,Cn1c2ccccc2c2c3c(c4c5ccccc5n(CCC#N)c4c21)CNC3=O,1
1390,Cn1c([N+](=O)[O-])cnc1COC(N)=O,0
91,CC(C)(F)C[C@H](N[C@@H](c1ccc(-c2ccc(S(C)(=O)=O)cc2)cc1)C(F)(F)F)C(=O)NC1(C#N)CC1,0
1363,Br.CN1[C@@H]2CC[C@@H]1CC(OC(=O)C(O)c1ccccc1)C2,0
897,Nc1nc2c(ncn2[C@@H]2O[C@@H](CO)[C@@H](O)[C@H]2O)c(=O)[nH]1,0
564,C[C@@](Cc1ccc(O)c(O)c1)(NN)C(=O)O,0
1369,CCN1CC(CCN2CCOCC2)C(c2ccccc2)(c2ccccc2)C1=O.Cl.O,0
776,C[C@@H]1[C@H](C)CC[C@]2(C(=O)O)CC[C@]3(C)C(=CC[C@H]4[C@@]5(C)C[C@@H](O)[C@H](O)[C@@](C)(CO)[C@@H]5CC[C@]43C)[C@@H]12,0
241,NC(=O)OCC(COC(N)=O)c1ccccc1,0
13,COc1cc2c(Oc3ccc4[nH]c(C)cc4c3F)ncnc2cc1OCCCN1CCCC1,0
315,COC(=O)N[C@H](C(=O)N[C@@H](Cc1ccccc1)[C@@H](O)CN(Cc1ccc(-c2ccccn2)cc1)NC(=O)[C@@H](NC(=O)OC)C(C)(C)C)C(C)(C)C.O=S(=O)(O)O,0
600,COc1cc(NS(=O)(=O)c2ccc(N)cc2)nc(OC)n1,0
387,CC(C)c1cnn2c(NCc3ccccc3)cc(NCCCCCCN)nc12.Cl,0
1297,Cc1cc(=O)[nH]c(=S)[nH]1,0
166,O=c1[nH]cc(F)c(=O)[nH]1,0
840,O=C(O)C1=CC(O)C(O)[C@H](O)C1,0
20,CS(=O)(=O)O.Cc1ccc(NC(=O)c2ccc(CN3CCN(C)CC3)cc2)cc1Nc1nccc(-c2cccnc2)n1,0
646,C[C@H]1O[C@@H](n2cc(F)c(=O)[nH]c2=O)[C@@H](O)[C@@H]1O,0
1842,Nc1nonc1/C(=N\O)Nc1ccc(F)c(Cl)c1,0
1508,C=C[C@]1(C)C[C@@H](OC(=O)CSC(C)(C)CNC(=O)[C@H](N)C(C)C)[C@@]2(C)[C@H](C)CC[C@]3(CCC(=O)[C@H]32)[C@@H](C)[C@@H]1O.Cl,0
1154,CNC(=O)c1ccccc1Nc1nc(Nc2ccc(N3CCOCC3)cc2OC)ncc1Cl,0
1528,CN(C)CCOC(C)(c1ccccc1)c1ccccn1.O=C(O)CCC(=O)O,0
831,O=C(CCc1ccc(O)cc1)c1c(O)cc(O)cc1O[C@@H]1O[C@H](CO)[C@@H](O)[C@H](O)[C@@H]1O,0
1267,CNC[C@H](O)c1ccc(O)c(O)c1.Cl,0
1590,O=C(O)c1cccc(-c2noc(-c3ccccc3F)n2)c1,0
562,O=C1c2c(O)ccc(O)c2C(=O)c2c(NCCNCCO)ccc(NCCNCCO)c21,0
1880,O=C(CCCCCN1C(=O)c2cccc3cccc(c23)C1=O)NO,0
686,COc1ccc(C[C@@H]2c3cc(OC)c(OC)cc3CC[N@+]2(C)CCC(=O)OCCCCCOC(=O)CC[N@@+]2(C)CCc3cc(OC)c(OC)cc3[C@H]2Cc2ccc(OC)c(OC)c2)cc1OC.O=S(=O)([O-])c1ccccc1.O=S(=O)([O-])c1ccccc1,0
957,O=C1c2ccccc2C(=O)c2c1ccc(O)c2O,0
189,CC[C@]1(O)C[C@@H]2CN(CCc3c([nH]c4ccccc34)[C@@](C(=O)OC)(c3cc4c(cc3OC)N(C=O)[C@H]3[C@@](O)(C(=O)OC)[C@H](OC(C)=O)[C@]5(CC)C=CCN6CC[C@@]43[C@@H]65)C2)C1.O=S(=O)(O)O,0
1806,O=C(Oc1cc(S(=O)(=O)c2ccccc2)ccc1[N+](=O)[O-])c1ccc(Cl)cc1,0
975,O=C(O[C@H]1C[C@H]2CC[C@@H](C1)[N+]21CCCC1)C(O)(c1ccccc1)c1ccccc1.[Cl-],0
699,CN1[C@@H]2CC[C@H]1C[C@@H](OC(=O)C(CO)c1ccccc1)C2.CN1[C@@H]2CC[C@H]1C[C@@H](OC(=O)C(CO)c1ccccc1)C2.O.O=S(=O)(O)O,0
1499,c1ccc2c(c1)sc1ccccc12,0
1705,NC1CC1c1ccc(-c2cccc(O)c2)cc1,0
510,CN(C)[C@@H]1C(O)=C(C(N)=O)C(=O)[C@@]2(O)C(=O)C3=C(O)c4c(O)cccc4[C@@](C)(O)[C@H]3[C@H](O)[C@@H]12,0
1082,CCS(=O)(=O)c1cccc(-c2cc(C(=O)NC3CCN(C)CC3)c(C)c3[nH]c4ncc(C)cc4c23)c1,0
474,Nc1ccn([C@@H]2O[C@H](CO)[C@@H](O)C2(F)F)c(=O)n1,0
1584,O=[N+]([O-])/C=C/c1ccc2c(c1)OCO2,0
856,O=C1c2c(O)cccc2[C@H]([C@@H]2O[C@H](CO)[C@H](O)[C@H](O)[C@H]2O)c2cc(CO)cc(O)c21,0
747,COC(=O)[C@H](CCCNC(=N)N)NS(=O)(=O)c1ccc(C)cc1,0
252,CC(=O)N1CCN(c2ccc(OC[C@H]3CO[C@](Cn4ccnc4)(c4ccc(Cl)cc4Cl)O3)cc2)CC1,0
21,CS(=O)(=O)CCNCc1ccc(-c2ccc3ncnc(Nc4ccc(OCc5cccc(F)c5)c(Cl)c4)c3c2)o1.Cc1ccc(S(=O)(=O)O)cc1.Cc1ccc(S(=O)(=O)O)cc1,0
1337,Cc1c(N(C)C)c(=O)n(-c2ccccc2)n1C,0
459,C[C@H]1C[C@H]2[C@@H]3CCC4=CC(=O)C=C[C@]4(C)[C@@H]3C(=O)C[C@]2(C)[C@]1(O)C(=O)CO,0
1184,COc1cc2ncnc(Nc3ccc(O)c(Br)c3)c2cc1OC,0
276,COc1ccc2[nH]c(S(=O)Cc3ncc(C)c(OC)c3C)nc2c1,0
955,O=C1N=C([O-])NC1(c1ccccc1)c1ccccc1.[Na+],0
1215,Cc1cc(C)c(Nc2ccnc(Nc3ccc(C#N)cc3)n2)c(C)c1,0
385,CCOC(=O)c1ccc(C#Cc2ccc3c(c2)C(C)(C)CCS3)nc1,0
805,C[C@H](CCC(=O)O)[C@@H]1CC[C@H]2[C@@H]3C[C@H](O)[C@@H]4C[C@H](O)CC[C@]4(C)[C@@H]3CC[C@@]21C,0
1437,Clc1ccc(CSC(Cn2ccnc2)c2ccc(Cl)cc2Cl)cc1.O=[N+]([O-])O,0
1515,OC[C@@H](O)[C@@H](O)CO,0
343,C#CCC(Cc1cnc2nc(N)nc(N)c2n1)c1ccc(C(=O)N[C@@H](CCC(=O)O)C(=O)O)cc1,0
769,O=C1c2cccc(O)c2C(=O)c2c(O)cc(CO)cc21,0
1332,CC(=O)Oc1cc(C(F)(F)F)ccc1C(=O)O,0
1685,Nc1ncnc2c1C(=O)N(c1ccc([C@H]3CC[C@H](CC(=O)O)CC3)cc1)CCO2,0
130,CCCC(CCC)C(=O)[O-].[Na+],0
1687,CS(=O)(=O)O.CS(=O)(=O)O.Cc1ccc(C(=O)Nc2ccc(CN3CCN(C)CC3)c(C(F)(F)F)c2)cc1C#Cc1cnc2[nH]ncc2c1,0
871,c1cc2c(cc1[C@H]1OC[C@H]3[C@H]1CO[C@@H]3c1ccc3c(c1)OCO3)OCO2,0
1123,CN(C)c1ccc(C(=O)NCCCCCCC(=O)NO)cc1,0
1396,COC1=CC(=O)C[C@@H](C)[C@@]12Oc1c(Cl)c(OC)cc(OC)c1C2=O,0
87,COc1cc2c(Oc3ccc(NC(=O)C4(C(=O)Nc5ccc(F)cc5)CC4)cc3F)ccnc2cc1OCCCN1CCOCC1,0
1482,O=C(Nc1ccccc1)c1ccccc1O,0
330,CC[C@H]1/C=C\C=C/C[C@@H](C)[C@H](O)[C@@](C)(O)C(=O)[C@@H](C)[C@H](O)[C@@H](C)C(=O)[C@@H](C)[C@H](O)[C@@H](C)/C=C/C(=O)O[C@@H]2[C@H](C)[C@H](CC1)O[C@@]1(CC[C@@H](C)[C@H](C[C@@H](C)O)O1)[C@H]2C,0
1238,O=C(O)c1cccnc1Nc1cccc(C(F)(F)F)c1,0
466,CCCC(CCC)C(=O)O.CCCC(CCC)C(=O)[O-].[Na+],0
121,CC(C)[C@H](CNC(=O)[C@@H](NC(=O)c1cccc(-c2ccccc2)n1)[C@@H](C)O)B(O)O,0
1638,Cc1ccc2c(c1)C(=O)[C@]1(O)CCN(c3ccccc3)C1=N2,0
1044,O=C(O)CC[C@H]1CC[C@@](c2cc(F)ccc2F)(S(=O)(=O)c2ccc(Cl)cc2)CC1,0
1724,O=C(c1ccccc1)c1ccc2nc(NC(=O)c3csc(C4CCN(c5ncnc6ccsc56)CC4)n3)[nH]c2c1,0
1095,C=CCc1cccc(/C=N/NC(=O)CN2CCN(Cc3ccccc3)CC2)c1O,0
1130,CCN(C(=O)c1c(O)c2c(Cl)cccc2n(C)c1=O)c1ccccc1,0
1294,Cc1ccnc(NS(=O)(=O)c2ccc(N)cc2)n1,0
860,C[C@@H]1CC[C@@]2(OC1)O[C@H]1C[C@H]3[C@@H]4CC=C5C[C@H](O[C@@H]6O[C@@H](CO)[C@@H](O[C@@H]7O[C@@H](C)[C@H](O)[C@@H](O)[C@@H]7O)[C@H](O)[C@H]6O[C@@H]6O[C@@H](C)[C@H](O)[C@@H](O)[C@H]6O)CC[C@]5(C)[C@@H]4CC[C@]3(C)[C@@H]1[C@H]2C,0
1459,CC1(C)S[C@@H]2[C@H](NC(=O)Cc3ccccc3)C(=O)N2[C@H]1C(=O)[O-].[Na+],0
1126,CC(C)c1onc(-c2c(Cl)cccc2Cl)c1COc1ccc(/C=C/c2cccc(C(=O)O)c2)c(Cl)c1,0
